Loss,AUC_train,AUPR_train,AUC_val,AUPR_val
1.110400551749814,0.713777087870034,0.2650965214363038,0.7585610232193787,0.34289974280749635
1.022552499848027,0.7691069140462866,0.3359768825220636,0.7777419643616444,0.3649645840950615
0.9959450152612502,0.7842083330639797,0.3535690328140627,0.7902255017672768,0.37959284781218233
0.9805046060392936,0.7924590881978101,0.36095841285668967,0.7934905629294955,0.38281558139787064
0.971656025417389,0.7972602304857577,0.3690312489521739,0.797397940111253,0.38816320581775476
0.9633501537384529,0.8011173474252589,0.37143313603957445,0.8004387791823124,0.3924941267754142
0.9592337108427478,0.803660545139852,0.37605864977653103,0.8017304495829959,0.394837774735063
0.9559717399458733,0.8046719675573838,0.37889703590412793,0.8032843263540266,0.3967510284298383
0.953879435216227,0.8062624813505039,0.3776883594312653,0.8037329039650013,0.398009115278421
0.9494652661585038,0.8080622056653408,0.383696139000039,0.8047052557652449,0.3997301717636047
0.9493339561646986,0.8084951727902955,0.3840431378935437,0.8051663947311236,0.4004489080736089
0.94891859735212,0.8083785493360177,0.3874748981662359,0.8051848603040571,0.40062295668726644
0.9470078185681373,0.8096598356123043,0.38544613080962076,0.8061027303248557,0.4018858273866835
0.9453942727658055,0.8095820443766207,0.3835648174748594,0.8057764210159016,0.40091521173940375
0.9428044990185767,0.8111297613342969,0.3892824539685116,0.8064058992926061,0.40174634029861916
0.9432415856469063,0.8108808802675599,0.38885660005161016,0.8068462519799978,0.40234084980665796
0.9421793453155026,0.8116568156256625,0.3887501726233361,0.8071869906450406,0.40284115560940936
0.9428704246397941,0.8113941449236469,0.39078327904975724,0.8071102929943655,0.4023567147920454
0.9437266886234281,0.8108174925499345,0.38685324545351596,0.8073629687464245,0.4026878549249101
0.9427272062147818,0.8107827538205222,0.3874974694852284,0.8072894304957121,0.40280697688302436
0.9435006216649088,0.8106159644963942,0.3868814058659388,0.8078747963056692,0.40439238953755197
0.9407007578880556,0.8116773697383752,0.38816166074936986,0.8075914081361764,0.4036864776839393
0.9383422174761371,0.8129124171562885,0.39192015300111893,0.8074728806018342,0.40316445080325164
0.9399878805683504,0.8123362821441535,0.3894870007908727,0.8079883059694828,0.40363552168902195
0.9403274491910011,0.8123129129430685,0.39051009535933895,0.8076042744708655,0.40308939738108396
0.9405389149342812,0.8118704674898163,0.39223216221516405,0.8080016202432316,0.4035744244989484
0.9418220875724668,0.8111550999285726,0.3886955611410212,0.8077732428024984,0.4035837560390204
0.9382102768267355,0.8127813653553764,0.3897965411245322,0.8078518894646134,0.40375610910963494
0.9404634525698999,0.8123401989233299,0.3898674717952466,0.8080877960937942,0.4047097878801915
0.9367642018102834,0.8136891987466304,0.3943848231167332,0.8078329568913838,0.40415218233796313
0.9361662739707577,0.8135694044993249,0.39393301113569335,0.8081265142305902,0.40438178686158555
0.9356312963270371,0.8141440450025728,0.39314922765619986,0.8081835406851183,0.4047526663292461
0.9388429061059029,0.8129495282158143,0.3927262593639896,0.8080257803605922,0.4048014328534067
0.935240456173497,0.8142490544599688,0.39558059539200796,0.8084598904930054,0.4059334888170917
0.9360081745732216,0.8136440780273576,0.3923297380601359,0.8079702978662271,0.4048084442601282
0.934265549144437,0.8147060366884379,0.39761000502577126,0.8086838266656159,0.40617335272650246
0.9363774099657611,0.8139997968216728,0.39413337649080576,0.8084983846602717,0.4053296849056506
0.9337160529628878,0.8147161424859434,0.39591243617810734,0.8086016870318984,0.4054563306670799
0.9327015415314706,0.8156184040551184,0.3966377575614803,0.8089059567860609,0.40730286112738556
0.9353656874549003,0.8145969425957463,0.3971743537308481,0.808953895796051,0.4068456562785985
0.9317097904220707,0.8156810076244023,0.3981733435610567,0.8086132524371912,0.40686951333985877
0.9315188584789154,0.815876436225802,0.3972207878838944,0.8090661855407235,0.40719979330926076
0.9310893637518732,0.8162241682946454,0.39946845130753317,0.8088005481477925,0.4070103319067396
0.9311927432014097,0.8162341966044414,0.40120483010745456,0.8090546153701215,0.4075558562213061
0.9290551456712909,0.8171846478987397,0.39987972971677893,0.8097902075508476,0.4091981921588245
0.9293843603903246,0.8164634949451526,0.4003681854118689,0.8094109985450844,0.4081760786959788
0.9288178691940921,0.8168465056330704,0.40118794215044373,0.8094303123430456,0.4092672783858589
0.9278638151384171,0.8173088192170104,0.40310852412963527,0.8098369790600974,0.408949404004722
0.9293701591030242,0.8165745759262303,0.39888530252364646,0.8092409675495122,0.40764077584869907
0.9288439394966247,0.8171649555906839,0.40197265553171796,0.8093912272774454,0.40867554458707794
0.926817382535627,0.8173696694224849,0.4038619708087269,0.8094854183779885,0.41008506442522613
0.9262010022517171,0.8181180737829048,0.40506469838387626,0.8092953444921561,0.41012852244322684
0.9273084469379919,0.8175693388600589,0.40320903348901604,0.8101239507420668,0.4102912789668837
0.9233673339889894,0.81889015405381,0.4041584852831135,0.8097885015701741,0.40978730540382263
0.9251265093203515,0.8183653637316142,0.40614130346305855,0.8104435123732728,0.41057194013507436
0.9238885842984723,0.818745861159223,0.4034578187220138,0.8103706603270773,0.4095755281064077
0.9243995066611999,0.8186846155625476,0.4037491206490497,0.8102870577434523,0.40962213163912364
0.9237610178609049,0.8187603800149877,0.40264228509293365,0.810351775406939,0.41052847479974
0.9237367539636551,0.818762520610175,0.4053154054226293,0.8107254328275495,0.4119530172266402
0.9216443329088152,0.8194681551825564,0.40545413518325324,0.8109130621097909,0.41261158447304364
0.9222146955228621,0.8191700142796097,0.40382660374127444,0.8106148347676232,0.41271628305520636
0.9191687357041143,0.82087716631415,0.40952929342718086,0.811072118598404,0.41234880717271477
0.9194599149688598,0.8205384207163118,0.4072155432789258,0.8113361548474625,0.41192730598916183
0.9167449445493758,0.8215183435703843,0.4094624498977383,0.8117186233246806,0.413349630296819
0.9191870458664433,0.8205370395055323,0.4081806142332098,0.8116316135450176,0.41408227077435283
0.9198454416567279,0.8201085456087885,0.4083354907480472,0.8098093497976797,0.4058549883037681
0.9205002304046381,0.8203144598794354,0.40858151962567363,0.8114248467812533,0.41303693819862825
0.9161370665796343,0.8219124798046251,0.40971248229228485,0.8129346110855367,0.4145575454105745
0.9193046458305854,0.8208340748759498,0.40804869789538106,0.8121324189442121,0.4152291958782696
0.9162784036128755,0.8215654509872279,0.40977557287207195,0.8123628645291135,0.41571130374020976
0.9172089945885443,0.8214409164392241,0.41043555503246576,0.8133358501154735,0.4163131509696276
0.9126527424781552,0.8237338920941516,0.41205807136235373,0.8135703366825292,0.41639156603350225
0.9131954773779837,0.8233591083294709,0.4099089142298936,0.8146499651222258,0.42042433453382644
0.911663092913166,0.8240502821067903,0.41467000627443507,0.8158745876232513,0.423854277238656
0.9074553203198218,0.8251516451612846,0.4123587926813194,0.8171490314313787,0.421798527919888
0.9071996038959873,0.8261289807988539,0.4135621897455327,0.8203014025629567,0.42694327838870966
0.9037051854595062,0.82771423228407,0.41647849012144283,0.8198838089920373,0.4307613780558182
0.9018399580832451,0.8284910141364226,0.4175627590016608,0.8235367996757531,0.43736201329396013
0.8938935091418604,0.8321570215144133,0.4234512685127569,0.8244915245974728,0.42838248033505527
0.889927725638113,0.8338145766805066,0.42705047885484965,0.8308300386065333,0.4500690630842805
0.8881598018830824,0.8347712920433249,0.4272639059349641,0.8307252113359804,0.4481722799786937
0.8835408293431802,0.8372291182448108,0.4313248648232676,0.8332188213661632,0.4459105831445491
0.8784747575559919,0.8392833406235558,0.4318268977639815,0.8339701152405194,0.4537923374608451
0.8731692154561318,0.84123128996692,0.43678792166000024,0.8343910540584579,0.4473921189001228
0.8750092348744791,0.8406820428845898,0.43553107769881094,0.8368589457151899,0.45544377502197886
0.8713509853809107,0.8424999464414495,0.44041978042620905,0.8378573828176886,0.45946897813924026
0.8715866948327712,0.8420256258428601,0.4389226739302871,0.8369853121830743,0.45657601966677175
0.869314356196311,0.8429733489120382,0.4415538619381158,0.8384021481937377,0.45764093704107556
0.8667594694322156,0.8442255571803069,0.4422082723734949,0.8407580979733644,0.46477383403315303
0.8642862669883236,0.8448884456691782,0.4465469847166757,0.8384182406427174,0.46007929459660735
0.8621785583034639,0.8459511050432112,0.45061454398839323,0.8418627347554495,0.4645789310457845
0.8642941636423911,0.8451285872938663,0.449802438297422,0.8416919222491779,0.4653560544397815
0.8615610637972432,0.846077305702214,0.4445381689589478,0.8426821106015481,0.46527325428572563
0.8566478154351636,0.8480893309754131,0.4491371857045826,0.8423922225503825,0.46479413028157746
0.8575040371187272,0.8476194655539966,0.4525154161370189,0.84233054515413,0.4682040228580899
0.8565536112554609,0.8480261069322689,0.45202916717259434,0.8413549958314506,0.468181150460614
0.8568193326073309,0.8477705996159632,0.4504960243788618,0.8428762159389164,0.46677744538343174
0.8549824376260082,0.848986639828899,0.4557571642057665,0.8439113792789892,0.4699711619535247
0.8572586688303178,0.8483186948969905,0.45440198227641854,0.841811336131021,0.46588504446237006
0.8550400532061055,0.848509482116389,0.4532956962050203,0.8441972930623284,0.47357820235079406
0.8535822822201634,0.8491662428352822,0.4528208788413091,0.8432752962838108,0.4722196578460629
0.8517132930217254,0.8500784248543246,0.45643062938917844,0.8424305928196112,0.468752771992169
0.8525978019160607,0.8498830981630506,0.4541647956914634,0.8445339097349615,0.4758432297037254
0.8489534777979699,0.8509699358592463,0.4591690892277702,0.8442561112730944,0.4743498507643421
0.8487180404124722,0.8510990139505554,0.45955484377517714,0.8439534807852777,0.4741905728878053
0.8484390531816791,0.8515031567845759,0.46320029541651775,0.84452133408413,0.46986775210328835
0.8443801768364443,0.8528057694522051,0.4641755599043542,0.8427524656257523,0.46911800511396406
0.8502618487804167,0.8505849235602547,0.4554074424820719,0.8436971500411052,0.4737317180222125
0.8456738966126595,0.8523464629124712,0.46433790550900667,0.8428387796702799,0.4689320620663913
0.8476788584263095,0.8516876411609549,0.4600709229557494,0.8443267140933741,0.4755748507999993
0.8502749108499098,0.8505419438142447,0.4620905244197775,0.8443224920294724,0.47347659227938377
0.8435224112003082,0.8533214821281532,0.46915992083844915,0.8444654084160145,0.47667319487508086
0.8442328687637082,0.8531347623390273,0.4647394084513387,0.8463572266156202,0.4790565379774194
0.8435710072517395,0.8533094808759064,0.46917031852018787,0.8464975506739877,0.48301909518676067
0.8426957034295603,0.8538641509766944,0.4650629955854054,0.8458741291052057,0.476300318532331
0.8425213906072799,0.8538728704869194,0.4649015422741358,0.8452355538533446,0.4781862328464067
0.8384259420056499,0.8554935712672399,0.47196337454604,0.8467625781073482,0.48217501610095503
0.8446906343583139,0.8529956661639914,0.46527433389651074,0.8472126472600849,0.4777729549007042
0.8393473288705274,0.8552839968665473,0.46736791315958515,0.8436332853679551,0.47050353984698745
0.8391474735352301,0.8551640193744501,0.47082107494119935,0.8469032833904474,0.48100524314156656
0.8394525829822785,0.8548543652637797,0.46933908588049694,0.8455844602582605,0.4779555360927633
0.840227962501587,0.8548324821301273,0.46647634511970926,0.8476106172879488,0.4834679096952514
0.8384636496343921,0.8552612368551816,0.4708849481266023,0.8480701789365005,0.4840048880005993
0.8362082531375268,0.8561977497120788,0.4718246796241131,0.8473424447505531,0.4823169414714206
0.8377521066896378,0.8555730330621483,0.47318162240407036,0.8460129330299558,0.47692291302101697
0.8390618687675848,0.8554578667823414,0.4704223385897606,0.8470215631287141,0.47886000045937116
0.8370397946526926,0.8559854274625067,0.4703915027614447,0.8470841221071582,0.4864994517815322
0.83432924555194,0.8568892515691184,0.4726136740275666,0.8452033737206943,0.47937289247495596
0.8328801374281607,0.8573531337656123,0.4709546129474219,0.8488077916083039,0.4870567896296568
0.8381455925203141,0.8559572614967328,0.47406245219609866,0.8477593044638643,0.48380493908523003
0.8334626295874198,0.8569653386201179,0.4734441609171899,0.8467364165601469,0.4812264860434737
0.8315853226569393,0.8580019679660246,0.4769127285407083,0.8472192090907765,0.48013097853181397
0.828823600084551,0.8588690229740402,0.4787511184777235,0.8476056661317479,0.4839779263948946
0.8276787861700984,0.8591535328809937,0.47948586941854154,0.8496803340085237,0.4911457473828693
0.8311310141317306,0.8578237045480162,0.4784480336865195,0.8491417158812704,0.4839007778403725
0.8356692839053369,0.8563759734221486,0.47456431188782316,0.8491797192216951,0.4890693628116174
0.8313414617892237,0.8585603520509394,0.4727822464944703,0.8481443080855469,0.4850625729227065
0.8304618202870891,0.8584435573940377,0.4806629730134884,0.8500759118511972,0.4926577542319479
0.8306187141326166,0.8583945693083238,0.478886242321404,0.8489618206957701,0.48966564382514133
0.830147071230796,0.858584598454744,0.4783907476565904,0.8477557638391702,0.48574353086845906
0.8300609107940427,0.8588318594729032,0.476479340260564,0.8495369744482313,0.4907732771273581
0.8244114518165588,0.8608010602354261,0.48010580285684745,0.8502622306734238,0.490282664687314
0.8302647606019051,0.8585636400498633,0.4790455181252638,0.8495089639610821,0.4918249762242322
0.8269066925971736,0.8597689178270039,0.4822345565996914,0.8503408058559014,0.4913943961399625
0.829844375771861,0.8589053584632389,0.4777111274906844,0.8454351917146294,0.47581159229630243
0.8297574635474916,0.8588325121683129,0.4772115113225808,0.8504159929035778,0.4945126581748349
0.8265125886086491,0.8600348303383009,0.4822787716981341,0.8506934816203504,0.49504252960722117
0.8232568694699194,0.8610154870602742,0.48426668631558595,0.8510315898347455,0.4943616324526404
0.8273921205151464,0.8595063283819966,0.47950037626901065,0.8474532763106275,0.48114307085700037
0.8261378974683822,0.8604422777675501,0.47991910922267345,0.849618194377284,0.49083349781055996
0.8263141109097389,0.8599775467958803,0.48127661789989484,0.8507933625000117,0.49236383203601963
0.825920801970267,0.8601305500269897,0.4773930935153109,0.851390937031996,0.49293374182263516
0.8287501229393864,0.8593507294481311,0.47538852146354116,0.8500090879210688,0.4905350975074893
0.8257675718876624,0.8602321759359566,0.47946511506772943,0.8510270675563677,0.4949627427621852
0.8239063409066969,0.8609872736525108,0.48262653774566183,0.8504410346031304,0.48803401500215693
0.8190427220636798,0.862730236246207,0.4857780705721496,0.8518999149363725,0.4936085177262761
0.8228371479818899,0.8615649965781833,0.48233366002612105,0.852265671474422,0.49482992361430755
0.8215694831263631,0.8617579846602963,0.48318570938224237,0.8523447136571959,0.4923681004494245
0.819556027650833,0.862512497600375,0.4869129188621763,0.8508872629166967,0.4881671164224112
0.8204102448878752,0.8622714995034652,0.4838392277356955,0.8527702271719128,0.49631921145734326
0.8211249930243338,0.8619463470759405,0.4838241467336293,0.8521842752289308,0.4927265294064622
0.8239943567783603,0.8609793862333391,0.48288043650939794,0.8501129954869568,0.4853820168964305
0.8220501926637469,0.8616754667556153,0.4800662533636177,0.8527297220441876,0.49409052678104226
0.8191630715324029,0.8626763926167667,0.4853393967941083,0.8512858667306769,0.49181026564475505
0.820388771833912,0.862297593115633,0.48589724548649604,0.8521528527804345,0.4935931090266914
0.8178600938089432,0.8630018209474032,0.4833039645518105,0.8517282923275462,0.496763309085126
0.8176167866876048,0.8635335771007377,0.48759779930279856,0.8524912230868325,0.49739739538755956
0.8204657060484735,0.8623410194731727,0.4831670437870527,0.8518910133388914,0.4935768094327181
0.8199616430267211,0.8627018766366981,0.4839556378768809,0.8526309085937747,0.49315772411678244
0.8171350225325555,0.8638288163471886,0.4868371176485974,0.8524638463857994,0.4903107481252681
0.8157437857120272,0.8643312760341842,0.48863239164028144,0.852299853036913,0.4904003397175321
0.8190728560570747,0.8628053648559845,0.486739434285421,0.8516652472875694,0.49154766595642935
0.8172484540170241,0.8635465616241027,0.4919675171105764,0.8531849520267274,0.4947006005504566
0.8166921148377078,0.8638498730093819,0.48726380549819553,0.8507992714833503,0.4867238257460203
0.8177566691752406,0.8630215626189425,0.4882756253798548,0.8515502460819938,0.4903409807822488
0.8178070216409621,0.8630100293053413,0.4874354519084211,0.8489368504758548,0.4822335582393549
0.8209459704737507,0.8623112250678551,0.48527730880725545,0.8503344965865949,0.4932604103106768
0.8172072854734234,0.8632682186119481,0.4853413837718444,0.8533588048002331,0.4959835965742445
0.8150516854178523,0.8644065541321905,0.48998636581744187,0.8514678729481281,0.4851130639400586
0.8160066758432698,0.8638264437595601,0.4879710615141619,0.8526402485996972,0.496314924318264
0.816606617742969,0.8638751763755675,0.48826970319349094,0.8530882305470289,0.4928884699173176
0.8146770385003856,0.8644978944745239,0.48837627304452347,0.8532542729788473,0.4944902644155431
0.8139322621207086,0.8647567328491702,0.4893863433043859,0.8524303367318977,0.494081768990824
0.8171887359311507,0.863571442719982,0.48493769020902805,0.8537609492389072,0.495217398575753
0.814563319567711,0.8648544111204994,0.48887279302106795,0.8535190526161323,0.49690185379032137
0.8178222737004681,0.8634532308865851,0.48895720287548494,0.852968464032309,0.4965052593198504
0.8114591490837839,0.8655066690369502,0.49060867677127373,0.8537204202846362,0.4976100500102247
0.8159890357525118,0.8641382108237048,0.48998240839020607,0.8510787425687267,0.48682816559903874
0.8147475065723545,0.8643623125640322,0.4862478149641813,0.8535571750892854,0.49979471666210873
0.8153787707128832,0.8643769020474664,0.48758395371440727,0.854097294288919,0.4993331173080497
0.8142002407581573,0.864627781889636,0.4899694639613592,0.8542086023799078,0.49724507743675145
0.8154515470227889,0.8639339493193856,0.49022146045370174,0.8521106607332724,0.4960720272992065
0.8119793630415396,0.8654710956770989,0.48932844393205926,0.8539010779195999,0.49830746276228227
0.8113154249806558,0.8654474291767611,0.48655701375365445,0.8550323718410372,0.5012156897957819
0.8110068661551323,0.8657177426114097,0.49240265539453687,0.8533189429892424,0.49168163562718636
0.8145168356357082,0.8645668780616558,0.48613968182187584,0.8531591907654943,0.4940070892960892
0.8106197964760565,0.8657882438238225,0.491023603473715,0.8537862720916992,0.4970575875787085
0.8098057729582634,0.8659821405881283,0.4944011300410572,0.8546783522594099,0.49974797620168654
0.8132013620868808,0.8649242127325667,0.49148952506815136,0.8548524480636819,0.5002854525963208
0.8118627917382024,0.865476321885119,0.49087014025947107,0.8530097983238254,0.4995340080075933
0.8131696437635728,0.864819341598432,0.4851952979568959,0.8543562650143574,0.49868810674681263
0.8140010756831015,0.8643784727669408,0.48788245762745763,0.8545731104069615,0.4991873945296962
0.8139613482259938,0.8648482670267593,0.48914042930280505,0.8538786904972406,0.49482436786100753
0.8097123051843332,0.8661510224408802,0.49179611151233427,0.8525191859208903,0.4904828783727345
0.8100382137683129,0.8658537372220975,0.492504221175783,0.854316250713474,0.49386091991946
0.8101030251672191,0.8660925640958375,0.4950825772163192,0.8536232603964965,0.49419135625195276
0.8079525837975162,0.8668979753786507,0.49077427565397125,0.8543239800449057,0.4970872680071384
0.8093418334760977,0.8664414224463666,0.49178734368411153,0.8536775658595029,0.49286972624247727
0.8057211310632768,0.8673827722991141,0.49778959028076675,0.8549544876283854,0.5005039344641621
0.8077166743816865,0.8668122000866318,0.49150358678670203,0.8537254524510925,0.49562085376433435
0.8081400817440404,0.8665362603669121,0.49696726948135556,0.8547206825005373,0.49936619681451855
0.8074354635130971,0.8669782011918431,0.4924504220670217,0.8533417688200429,0.4927156716921075
0.8070402904864281,0.8671207900363069,0.49501927698111714,0.8546669393440097,0.49758028562582385
0.8092287634649586,0.8665946461480116,0.49337906557451655,0.854484661503937,0.4973654267132264
0.8042860656015338,0.8680498625282396,0.49609635944600644,0.853855593043819,0.4926439662906377
0.8070931396176737,0.8671953173499011,0.490645314214822,0.8541788716161576,0.4952597810337684
0.8084310802721208,0.8667086189275567,0.4901258345130492,0.8522442609404374,0.4908980916816343
0.804752283519314,0.8679532540465903,0.49473359568212044,0.8530638702866838,0.4936081006879973
0.8074661820165571,0.8669231718599091,0.4907303438187729,0.8543915664244972,0.495666320169617
0.8089326687397494,0.8666435218394767,0.4967204398085746,0.8542521144177031,0.49734943096763
0.8056014391683763,0.8676663536660238,0.4950679583148063,0.8549810542268641,0.5002168732330953
0.8098786511728842,0.866293285152418,0.4921308707496893,0.8555780283298963,0.5006012750288703
0.8046955197088178,0.8677927395692242,0.4948524611751884,0.8523845039885494,0.49575042357342924
0.8029589201173475,0.8687904188017755,0.4974552842363362,0.8535419308653334,0.49194596869853835
0.8050505951527626,0.8676077909482734,0.49389246910908374,0.8548174659292549,0.4992294263837225
0.8034285893363334,0.8683568643523212,0.49661974330533976,0.8539505418285159,0.4951550260935195
0.805265680436165,0.8675627749471544,0.49391248792585135,0.8546779710346784,0.49926256779682
0.8066448626979706,0.8673384803350164,0.4921827771036347,0.8552563127789571,0.5020160518774998
0.8011754308977435,0.8691172920527905,0.49835100441057706,0.854129927125938,0.49709999382886094
0.805687141033911,0.867787038763886,0.49283291536008234,0.8549256289162085,0.498936011233705
0.806609873810122,0.8671948740981097,0.4926914332232666,0.8561158220586675,0.501608175419495
0.8047106833227223,0.8677931610186327,0.4979362862345869,0.854534973637881,0.4992163168889748
0.8037746731312042,0.8680522798775745,0.4926591910436248,0.8543077732285066,0.49958903936096277
0.8031987845897675,0.8684351529317359,0.49742279969777814,0.8542798961700134,0.4998347188836917
0.8066275485100286,0.867080966105459,0.48830366157116795,0.8553756313546171,0.5002485741858538
0.8033470953664472,0.8686330531311939,0.50053157921059,0.8551114473809752,0.5008165329874388
0.8024583958810374,0.8688939742442112,0.49497826621092234,0.8535190335548957,0.4932191468360494
0.806583183427011,0.8670316622949104,0.4933750585461014,0.8554103228051865,0.5012854223217393
0.8020259372649655,0.868906429536645,0.4948180405701624,0.8553286358758377,0.5010829476089951
0.8031137220321165,0.8682139888119547,0.4952526599260516,0.8542959743230656,0.500354946322809
0.8063816351275291,0.8675899670825513,0.492546727460306,0.8537613876473485,0.4932641744639287
0.8027406469468146,0.8685341417482815,0.49494322014036074,0.8556613449949725,0.502714885716229
0.8065722027132589,0.8672447166874953,0.49148282876362326,0.8547465914863539,0.5010345795685622
0.8014051741169345,0.8689236647493936,0.4982073603850212,0.8532835033851375,0.4896751615116134
0.8019382030733165,0.8689657580810526,0.4976175762944516,0.8565080594196309,0.5037016043218477
0.8044721551479832,0.8682508982457787,0.4986551877191363,0.855783918276778,0.5006758174341692
0.8058098804566165,0.8676914645033296,0.4906007202256424,0.8533878207676118,0.4944475967179897
0.8031523285373566,0.8683728066596117,0.5001915299613907,0.8541147496163141,0.49477099020728343
0.8036657667929127,0.8686381039010792,0.4935023456228206,0.8546940777795855,0.4999383050459761
0.8020044978587857,0.8685809923606582,0.4936622624825704,0.8562463915292169,0.5028833437688336
0.8029316250355015,0.8683749297637251,0.49451619684481396,0.856567501885895,0.5031735909934625
0.80074800983552,0.869555457320976,0.49495382677819066,0.8554247188041111,0.5011831981744022
0.7982667549963922,0.8702059949146361,0.49982258382467465,0.8541873205092702,0.4955932344985174
0.8018290285141235,0.8688300546684996,0.4970828655602337,0.8554877972012519,0.5001749014130098
0.8008793976999097,0.8694292557509631,0.49848750842866024,0.8544075302101299,0.49937994553536563
0.8000585417593677,0.8695033041393516,0.4963708147576692,0.8551205920092227,0.4989257321259738
0.7988932930654097,0.8696993199244184,0.49870007811221545,0.8558416118745862,0.5003055277786687
0.8046482753369112,0.8681320229603582,0.4960121200932686,0.855067439751029,0.5000777041153254
0.8018149079815033,0.8690080542546841,0.49679242217942665,0.8546789622189802,0.4946072255269319
0.8010310126889133,0.8694194042919069,0.4941792985111223,0.8550075874681785,0.4986117098065306
0.7990726472869996,0.8697664033209414,0.4970886373830242,0.8558709280564408,0.5006320201020816
0.7983773216124505,0.8701649364165052,0.49668426536219745,0.8565921051770062,0.5033896161965741
0.8003117615176788,0.8691193170579334,0.49415071667588784,0.8555938300950182,0.503223047245037
0.7989183491276157,0.8701944549821674,0.49823343526032804,0.85663250546793,0.5046777543983848
0.7967647237162434,0.8706143839519722,0.5003911021356748,0.85644002510098,0.5023063822565754
0.8018126343527149,0.8690270443038796,0.4920828078331395,0.8565823505891881,0.5014361487557714
0.797772893021184,0.8701465104794014,0.4975887522218328,0.8563254765997731,0.5039009011578031
0.7941525318930225,0.8711373996212078,0.49937088966726856,0.8573174281165268,0.5031901419271585
0.7991894166315757,0.8698544502969681,0.5017299628671524,0.8564045283131653,0.5019485057303951
0.8014549911022186,0.8688325443409545,0.4935149353191879,0.8557973564485645,0.5013908353083693
0.8002130543032001,0.8693028326286063,0.49675604342985746,0.855581654730155,0.5026777496702298
0.7999148878359026,0.869715665572079,0.4995169236631858,0.8561108899637033,0.5042078008878897
0.7954431262708479,0.8711974751047137,0.5017693615631308,0.8558365272897294,0.5027656500288635
0.799366989443379,0.8701767461215333,0.5010366517063064,0.8567544401983105,0.5059587219361515
0.7980104925171023,0.8701630985942457,0.4995146194381039,0.8573902182137034,0.5059388231436207
0.7960797817476334,0.8707087491698541,0.49775670380118636,0.8567172803176044,0.5011337084733634
0.7985469670064983,0.8704549797271702,0.49958222315330314,0.8539473109489162,0.4934230570837115
0.7956317259419348,0.8712063315954213,0.499042366778526,0.8557678115318709,0.5018237490944856
0.8007440115174937,0.869358061355878,0.4990831618256521,0.8549532057602257,0.5019945205597856
0.7954534801744646,0.8712717761411717,0.5039165294691814,0.854686620070775,0.4980646954038773
0.7955169716188984,0.8708870477429381,0.5011837554131203,0.8555038419971401,0.4981324990890239
0.8005046623368417,0.8693174605802767,0.4956895508772968,0.8545885928963708,0.4976825041730676
0.7932982310172052,0.8717300940126052,0.498411620513164,0.8563687074843287,0.49919027613249806
0.7983296773126047,0.8701451080554178,0.4960981171206904,0.8559190004950872,0.5014629496252879
0.7977661711554371,0.8704345779888332,0.4983310264966619,0.856716274837375,0.5007331456841474
0.8034182806168833,0.8682673016297017,0.49128080799847373,0.8537352403960745,0.491084894660601
0.7975038818774685,0.8703575331630664,0.49955215035678185,0.8564486169533669,0.5014138723173125
0.7949240755650304,0.871530344293569,0.49991282749701194,0.85616096383219,0.5012705416119828
0.7957805625854,0.8710822030937293,0.501291465265358,0.8572206494531184,0.5050453672730726
0.7978544898571508,0.8701910440883773,0.5008822025921623,0.8533203011023485,0.4965455673854561
0.7992130748687251,0.8697234005143499,0.49811256769758905,0.8543419595563065,0.496411978950574
0.7992621554482366,0.8695836014621433,0.4961010938098549,0.8559519621384369,0.5011806910990273
0.79945148671827,0.8699177516724831,0.49665114138278305,0.8544935106830178,0.4949293384193789
0.7978074521787705,0.8702477436457565,0.49846715393368013,0.8561146069048358,0.5043711200237686
0.7968170806284876,0.8706192375755852,0.5005704890109552,0.856001816802703,0.5012202869649298
0.7947745592363417,0.8711901105438711,0.4972593578220488,0.8547676398568437,0.49528949975791425
0.7958832190882773,0.8706309199970556,0.4983849317508118,0.8565357458657584,0.5025068913147952
0.7970298528671266,0.8705215833626596,0.49963961605476803,0.8569692126814369,0.5037014053820037
0.7931611057250731,0.8718704634847554,0.5026448649651649,0.853898309274987,0.4913023439202679
0.7949910394607054,0.8713789360597946,0.49971147919120157,0.8566980141727346,0.5030435275110497
0.7976151022218889,0.8702195114390572,0.5022571677845953,0.8561939445367766,0.5033078708391836
0.7963835597038271,0.8707912830304627,0.5006336074840358,0.8562548928407302,0.5008016122389005
0.795777078597776,0.8710430576879811,0.5032480997748933,0.8548448378649787,0.497398236885109
0.7957885198054777,0.8708535118074806,0.499199080525787,0.8557026125721607,0.5016113134197164
0.7956460300953159,0.8712708904174759,0.5033122009878696,0.8574484645873721,0.5034856351709396
0.7953228200635603,0.8706668341968535,0.49905457033102424,0.8570841233461388,0.503300394251146
0.7976672707065455,0.8703220211109233,0.4962621272640557,0.8561317477218272,0.50268487526912
0.7928226272906027,0.8719974258031825,0.49871187095930625,0.854892748283114,0.49893134721362986
0.7949842858699064,0.8711718175209058,0.5010884925377664,0.8543911089548193,0.4950001298463059
0.794891973656993,0.871159972031912,0.4984621911611985,0.8570598202695034,0.5039520875958571
0.7914993955243019,0.8725254209722222,0.5004534043239972,0.8563551215879589,0.5006168941177065
0.7976303648564121,0.8701674539771219,0.4971617435632266,0.8569434085324215,0.5037604322833991
0.791839119888121,0.8722768031277169,0.5026799285365242,0.8570473542207826,0.5044490312181894
0.7957210598453397,0.8710295381744575,0.5010647618104193,0.8562925816707511,0.5022806938794115
0.7951192663561915,0.8712763249552641,0.49638674506272207,0.856612886690184,0.5028797438231379
0.793746108008969,0.871576577811991,0.5014565386688294,0.8563758125602627,0.5006771530683867
0.7898061736937488,0.8731617165038055,0.5039631735701652,0.857604661890499,0.5071238174593524
0.7875114102517404,0.8737123898389895,0.5021042130104961,0.854729598393946,0.49736074622282195
0.7904564767114577,0.8727137974829331,0.5013726350027008,0.856651642949453,0.5043690524716142
0.7920503010672909,0.872197544486521,0.5020905023433039,0.8571415119641616,0.5064076513802807
0.7892987285890886,0.8730482354300337,0.5022008883461333,0.8569081643059913,0.5055326819523669
0.795058751298535,0.8713153654516458,0.49922009051835675,0.8563744735083931,0.5012560436458281
0.7884038532933881,0.8731162980324156,0.5032284593068486,0.8560034894262125,0.4994386352658279
0.7944209133425068,0.87112472730044,0.49554611525643383,0.853156836702777,0.4941724730195472
0.7956377094791779,0.8708008362859164,0.5012815883698756,0.856634816642865,0.5062607995788325
0.7896857646203812,0.8727787863277026,0.5022096151465896,0.8577601634584906,0.5055636026197001
0.7910808026790618,0.8725911577412188,0.501580224889921,0.8559823838720132,0.4989720341108519
0.7915579205559148,0.8721874915914068,0.5005204877630008,0.857547206558148,0.5059565311380311
0.7920504760357641,0.8723725458056801,0.505084754733875,0.8568183763510974,0.502811024423067
0.7905549897301581,0.8727984146740558,0.5054876221616513,0.85708545286739,0.5069078107518302
0.7910834512402937,0.872458101850821,0.5011193297056639,0.8563629938786648,0.5019114250195003
0.7896278096783547,0.8727140765503933,0.5011560597839684,0.857060130014598,0.5013827572903922
0.7947490407574561,0.8713083145840647,0.49609548772356377,0.8558198630036523,0.4995158303231558
0.7929384881450281,0.8719323167926045,0.5002520508788397,0.8559969371261394,0.5031386448273537
0.792487213688512,0.8720997841997098,0.5029082990875897,0.8573831893827157,0.5075689135405
0.7922205780783008,0.8721517621334447,0.498771609576694,0.8566785288236444,0.5058043306794924
0.7892909847920943,0.8731050910065434,0.502904790370464,0.8557349166028488,0.5054835892862664
0.7907075141706775,0.8724465994854883,0.5072887828701178,0.8571442901393928,0.5066793436748425
0.7893743043945681,0.8730706558680552,0.505346409112189,0.8571279832515013,0.5046029955710964
0.790481864444671,0.8725881582602542,0.5022742520315898,0.8552848760419669,0.5007229588902291
0.7872108970918966,0.8738165958633737,0.5011842242813652,0.8574232513366906,0.5070217308406472
0.7870063262601051,0.8740735513359954,0.5050642566188511,0.8578018885053568,0.5097780767968894
0.7926180064678192,0.8718087748287917,0.5053453233775193,0.8567148404793227,0.5033881772265294
0.7904667277489941,0.8727870590584805,0.5041526697967675,0.857371061670944,0.5054005176412185
0.7883993925586823,0.8732829147899352,0.5005599866044367,0.8567397535155282,0.504007600543025
0.7924282329697766,0.872045267964991,0.49785742195727356,0.856020330028728,0.5035275273060998
0.7871479170937692,0.8735564092757346,0.5009862681187909,0.8564004158513738,0.5042511309023795
0.7871677221790436,0.8736947042567413,0.5053705233995706,0.85699937232301,0.5067113525890061
0.7911663363056798,0.8723769775444408,0.49806484542223095,0.8565477306182558,0.503998542114297
0.786994179410319,0.8735232228133993,0.5042236996665603,0.8571207733387664,0.5029901716666839
0.7886240309284577,0.8734841711063409,0.5038609417407803,0.8560838801914743,0.5009991482619193
0.7915556719226222,0.8724345517771406,0.503779518237837,0.8564970372595804,0.5039802066968604
0.7886838384212987,0.8731841261584486,0.5010327634060271,0.8574331202919281,0.5067430891825312
0.7901882212008199,0.8727271273048024,0.5017722212585014,0.8568772469802641,0.5033268676339928
0.7899983457980619,0.8727472371608174,0.5060590080098584,0.8574038898856381,0.507109792366101
0.7900889371671984,0.873023771174682,0.5007239029057053,0.8569139446259831,0.5034007042631515
0.7879367220786307,0.8735860322856659,0.5044022785771372,0.8569487170868081,0.5031718714645603
0.7867907256849351,0.8739232006508366,0.5012955945116958,0.8560759936048408,0.499748707918574
0.7887804729323232,0.8733155006725568,0.5016713629514182,0.8567882929544705,0.5068582397785872
0.7894598668621435,0.8731724814799734,0.5066236084711552,0.8547240086863199,0.49146857855469483
0.7872721745121863,0.873891933723218,0.503453372259064,0.8570354838357045,0.5012646519463125
0.7863302971086195,0.874246311559153,0.5057052527179744,0.857844280695503,0.5074272656375401
0.7881388635404649,0.8738554907834346,0.5039134568035039,0.8570877116239243,0.5062299999286971
0.7867998509637772,0.8743936681469816,0.5072097153505554,0.8574328439039978,0.5072641104071902
0.7880365637040906,0.8735091565490453,0.5052711645330623,0.8571958984374237,0.5079451397184875
0.7892449171312391,0.873073169635838,0.4967924717859156,0.8580118861487207,0.5099116642684561
0.7865742906447382,0.8741887395771619,0.5065735362325539,0.8567365131053102,0.5050505028151016
0.7863748852283724,0.8741566196523032,0.507839376974122,0.8577245094154741,0.5105232193761973
0.7896686811600963,0.8728591870651409,0.5000357270007219,0.8570682739279253,0.5094228025479595
0.7869456391180717,0.8737392990738309,0.5065964110171455,0.8569340304040257,0.5084567760266961
0.784902391895171,0.874597499321394,0.5088169687467152,0.8566633322527837,0.5054304532089158
0.7889448346630221,0.8728651508618223,0.5005407727381203,0.8561691125108264,0.4993148687176938
0.7884639136252863,0.8734788855793346,0.5056773813594222,0.8556589146873089,0.5056639941682006
0.7882080529966661,0.8739211770217126,0.5036017935032744,0.8570623363527317,0.5042516488377599
0.788277957708605,0.8732999256211869,0.5049210655759984,0.856779157856841,0.5023447232106293
0.7881624977434836,0.873710640622738,0.5051666962733223,0.8574772756464578,0.5069685536437142
0.7883533248978277,0.8733585866929324,0.5026523081021086,0.8584881645017501,0.5110171992365249
0.7852934512399855,0.8746194776320236,0.506837733479599,0.8573614500424003,0.5030668053188592
0.7848674818392722,0.8745801455506246,0.5073448382410645,0.8558328532363791,0.5012196363179813
0.783998627816477,0.8752001729547652,0.5047582149335204,0.8568763272755993,0.5033451610521019
0.7886445829945229,0.8734005260959888,0.5010202659342716,0.8551619501272848,0.4972568723265805
0.7859954814757069,0.8741617758873417,0.5070810500808294,0.8580403159830746,0.5080286952698906
0.7847113436268223,0.8744939171495576,0.5065981253191896,0.8578314572485961,0.5068667239040965
0.7861559640976691,0.8739256704912268,0.5051834146359112,0.8582943069604574,0.5076332580323569
0.7834101511586096,0.8751130085165907,0.5050504954684533,0.8545430270103346,0.4933536782590069
0.7846090351381608,0.8745927411704051,0.504662067775762,0.8561590767697688,0.5022177202682698
0.7878865272768082,0.8733715077342223,0.5017407017269411,0.8583130918091036,0.5093789210152762
0.7856965372639315,0.8741034876759892,0.504577287498156,0.8580622173439011,0.5091694807361771
0.784208353488676,0.8747758493607019,0.5077250821479753,0.8556120097494032,0.49499543071263796
0.7875148413642761,0.8736004602529498,0.5013939810495486,0.8549406825277949,0.5014468750768881
0.7890035625427,0.8732451140206836,0.5040669347909983,0.8558058386988412,0.5000100368153171
0.7832075540096531,0.8752194921311229,0.5082829717059955,0.8565676782023333,0.49905543313059575
0.7864628511090431,0.8742471710397313,0.5069358015523819,0.8580898561369372,0.50942028873392
0.7862855965091337,0.8742664562261727,0.503508284431408,0.8580798537530436,0.5095440977782378
0.7846460227043398,0.8745635827391809,0.5050215259574138,0.8586563179655194,0.5108228757779335
0.7832322245643987,0.8750657207521544,0.5058616021053146,0.8568066060375114,0.5080351143576248
0.7841724589947734,0.8749554089935815,0.5087391426332176,0.8579196631208541,0.5085326329113993
0.7854544606900984,0.8742238086328233,0.507296357348265,0.8577198965962225,0.5074110808627208
0.7847103111205561,0.8745398063913516,0.5024488689726614,0.857368345444732,0.50868951333667
0.7875861458240017,0.873626562744898,0.5042736167118211,0.8571786146611579,0.5065960159290515
0.7871351713134395,0.8741075810676067,0.5031368137273673,0.8572416406398984,0.5068119288252806
0.7862602366555119,0.8739405443131589,0.5008588165573509,0.8569635896166468,0.5059371941703216
0.7825421066053447,0.8752323838768296,0.5068569414175054,0.8581550217394833,0.5101796605482328
0.7806625145096932,0.8759914254693956,0.5069322034027774,0.8568641900332091,0.5031267433366581
0.782887110787053,0.8752447739198495,0.5067407703937228,0.8572929773153081,0.5053739549077898
0.7839562912141121,0.874736826129153,0.5065381929244005,0.8568663677794879,0.5003421191654829
0.7848020907371274,0.8745232901636197,0.501361876215853,0.8562836371854876,0.5031157844224041
0.7846223779263033,0.8745315306796639,0.5041940965813441,0.8568964273495693,0.5030573060807075
0.7820103504965381,0.8753807529940723,0.5081196891545139,0.8577157174201032,0.5072972427363274
0.780905529375999,0.875731390134302,0.5073148974542222,0.8576515811243323,0.5096429867868923
0.7818852518835375,0.8752433134605951,0.508608796178347,0.8571694747982194,0.507136855437148
0.7818126832285234,0.875356450635766,0.5073716003831987,0.857919991927185,0.5083636658967562
0.7838940908831934,0.8748707200303415,0.5088836298710758,0.857932253067613,0.5096083768515383
0.78232337967042,0.8755560373343679,0.5040848278669361,0.8579409306955644,0.5067616007060511
0.7842968231247319,0.8749393378262744,0.5042178311330062,0.856687115910722,0.5066507125708184
0.7845732060170942,0.8746744720556107,0.5065165868046536,0.8572814119100153,0.5075034464193388
0.7817780760026749,0.8755723162512425,0.5072582499529447,0.8573585384385133,0.5055179415193166
0.7836406894268528,0.8750640098386652,0.504177898480259,0.8566388623903283,0.5066331258700942
0.7833799960151797,0.8751819279315407,0.509020172222272,0.8578853528950163,0.5080793697296865
0.7840525565608856,0.8747738892597107,0.5091194160707536,0.8580652337845893,0.5076787240200972
0.7796518543074206,0.8764524159054781,0.5089327924997485,0.8548584809450583,0.49136582220268515
0.7831755501608694,0.8748461114160423,0.5062006867303669,0.8558729294862816,0.4979264595923503
0.785291620800572,0.8743670111530155,0.5067259062579585,0.8577565561194685,0.5100639335180837
0.777252052099474,0.8771492684328545,0.5091164970923261,0.8560508613644146,0.4991286418188765
0.7838342295538996,0.8750557770087788,0.5069831219985128,0.8564237896927259,0.5051521274562357
0.7817596302878471,0.8755961529590415,0.507587785265202,0.8571743068216915,0.5041285456091388
0.7839595915809755,0.874856810849046,0.5023977307858973,0.858623470689589,0.508693786983246
0.7782762983152942,0.876885388173526,0.510440846997934,0.8577922196931033,0.5089653226024005
0.7817437869887203,0.8757211024023126,0.5083656281906167,0.85851004680134,0.508617501600058
0.7805286943912505,0.8759586641141259,0.5067810639071961,0.8580884741972854,0.5089619471973466
0.7828070454059108,0.8751305255369272,0.5061806993320119,0.8576945928046672,0.5084338844718277
0.7812028671464615,0.875720153880825,0.5046452590780246,0.8578987577096389,0.50752930217071
0.783188755473783,0.8753035156056496,0.5059566390201442,0.8570416263191912,0.5019418749502781
0.7799461330136944,0.8760961570594019,0.5081187821397944,0.8571756125163971,0.5065151023304437
0.7849326547115081,0.8745193823520707,0.5020135447565176,0.858059239025686,0.5082418551611549
0.7827661796923607,0.875243424650281,0.5052311815647759,0.8578029559346049,0.5079605080514069
0.7795566608828883,0.8763620478234299,0.5084026723141818,0.8577423697941464,0.5097418603703348
0.7816932432113158,0.8756952368259969,0.5085052930188654,0.8563799488485999,0.502609172698828
0.7844332946885016,0.8747345242977693,0.5048624854264634,0.8581765799980513,0.5094998065694128
0.7818011679956989,0.875633877321642,0.5084098878548152,0.8572040661772967,0.5078371393920793
0.7798377054352915,0.87651018865943,0.5100748205079773,0.8568869539149907,0.503313536976414
0.784420051882344,0.8747196188809931,0.5093060085473932,0.858182784430557,0.5103763006160335
0.7820993036993087,0.8757002806493148,0.5085989311235211,0.8578046476193513,0.5048904114813404
0.7806291782086895,0.8760170073892545,0.5112749048831194,0.8574818741697819,0.5084888831278451
0.7819651576780503,0.8753702190622046,0.5062109238727499,0.8569933442069428,0.5048502222615207
0.7778596926120019,0.8768859121405947,0.5119366899746958,0.8579655911703854,0.5100671395519821
0.7787078628616945,0.8765082290461889,0.506023800730202,0.8566385621758523,0.5060712649099927
0.7790432880001684,0.876539880868875,0.5089635333185198,0.8576586385471747,0.5061117717019313
0.7814904278324496,0.8758128918615353,0.5075999951540543,0.8568294509295483,0.5068731060132742
0.7794699351633749,0.8763405669385826,0.5116343819286215,0.8580453433842218,0.5086720901580164
0.7817642929092533,0.8756857146158993,0.5072244192088002,0.855105390673053,0.49385954233519136
0.7786614289206842,0.8764860003814378,0.506025977494313,0.8568887504365379,0.5042840326080629
0.7802757966902948,0.8763675118943568,0.511408119685925,0.85847513614655,0.5106623773781941
0.7797174511417265,0.8766333200544767,0.5085960012491474,0.8572338731859933,0.5073249170099208
0.7831560594420282,0.8747819411361684,0.5068879140216622,0.8564211973645515,0.5021456789433902
0.7815779909010858,0.8753233435810904,0.5051442402793718,0.856809870274275,0.5069925230617628
0.7809294846750074,0.8757331732103171,0.510943911834461,0.8581693176669158,0.508565893670053
0.7796699866171808,0.8762148140569908,0.5072069402867536,0.8572033084931427,0.5045715046814476
0.7817565558418149,0.8754100502952704,0.5054777316241784,0.8551230652046684,0.49475165481035727
0.7814396177568743,0.8754948914089881,0.503818139868939,0.8570975186301429,0.5081457278177846
0.7769420541101885,0.8772610038799867,0.5106911105014205,0.8577919290092454,0.5075856439809436
0.7778430600320142,0.8769547323444234,0.5085441299286636,0.8571414547804519,0.506394721299014
0.7768479566420281,0.8768356700258624,0.5117722049459363,0.8573191436278186,0.506906620065002
0.7778906303067361,0.8770688620996656,0.5089453249561101,0.8570954600165928,0.5047162661341253
0.7832887566858718,0.874943840936628,0.5073236193136941,0.8570939017605026,0.5024120906098681
0.7762101686769919,0.8775453000025034,0.5092283893167708,0.8571058674517633,0.5044659922193275
0.778701742810588,0.8766631797582548,0.5078297454185592,0.8561893698399982,0.5006633941478154
0.7795727176050985,0.8765920089401302,0.5103082302957747,0.8571985813064718,0.5078247601342277
0.779743810815196,0.8763461775262542,0.5081580137602204,0.8556319001497708,0.4940607332662532
0.7761433912861732,0.8773357017628989,0.5111729050415952,0.8579847429478357,0.5062090612022511
0.7778692207028787,0.8768396195240622,0.5105337556017577,0.8580170803356878,0.5103004186797332
0.7788927295515612,0.8762578161200152,0.507999460989399,0.8577011879925226,0.5120726063655381
0.7792347669601439,0.8766747332866995,0.5084047732895831,0.8584198442645506,0.5100469955900591
0.7791390294028866,0.8765106170179564,0.5055023880307297,0.8569178474141721,0.5079229400371457
0.7774874962145281,0.876959217791566,0.5111132895207211,0.8575893938400011,0.506422382878094
0.7757809931232081,0.877582610559253,0.5112640023700143,0.8573931107563539,0.5100711657879865
0.7795667811747518,0.8760754001407635,0.5096049610686438,0.8571568896167698,0.5015124045000945
0.7782229790764469,0.8765644107732484,0.5094181011956156,0.8574794152702635,0.5091743483207082
0.7775063639686952,0.8770309176400874,0.5100487472064321,0.8568667204123648,0.503113274740344
0.777822191676786,0.8767316919395919,0.5119609867879273,0.856710856680878,0.5074645869806262
0.7767487975858872,0.8773984203839132,0.5111087975345371,0.8579547834492464,0.5083103978946404
0.7789158946083442,0.8767452874488209,0.5097188569727459,0.8576788672844916,0.5062206329025272
0.7792587424478225,0.8763133021450568,0.5101209467474539,0.8573387338137102,0.5064863384727193
0.7773004818347191,0.8771034092024648,0.5111413113082152,0.8564602395423695,0.5031349430054819
0.7756776069441149,0.8774607814090352,0.5094310606701336,0.8581001444393793,0.5088548663557393
0.780173057510007,0.8760389376447111,0.5077249499048826,0.8580086266772662,0.5082960057479288
0.7738571561151935,0.8781145040297134,0.512468709310731,0.8579133633821656,0.5086103549029766
0.7767825847671879,0.8772533650893674,0.5131124774252083,0.8575300752717748,0.507481619048715
0.773548117568416,0.8784435313838755,0.513225614219288,0.8575364846125738,0.5062547738076384
0.7776815785515694,0.8767972566892033,0.507256718467556,0.8575730202377819,0.5080834247292695
0.7754820027659012,0.8775499674095755,0.5143909814284287,0.857627011190385,0.5100209310840296
0.7799266672903493,0.8761729603067236,0.5095963256443081,0.8566344115915877,0.500485477424373
0.7773228758765804,0.8770735125368434,0.509716481289841,0.8567097034760651,0.5088390929297864
0.7761396265798999,0.8775483990138768,0.5115916790218049,0.8582605447451711,0.5093249790144966
0.776116526895954,0.8773020272776888,0.5124203632581064,0.8574801872503449,0.5088647659374729
0.776347217059905,0.8768622062236797,0.5086973203053458,0.8567605254980875,0.508885491895324
0.779193773385017,0.8764580506709703,0.5065428439733921,0.857743022641499,0.51166088569346
0.7764228313199935,0.8774587570423242,0.5080795932377398,0.8578530012112368,0.507754860577455
0.7756395859103046,0.8775680890417388,0.5116673563895318,0.856020858978043,0.5007404291907929
0.7756443927364964,0.8776294228139558,0.5123456236197627,0.8565530248767149,0.5018786598991114
0.7760360942732903,0.8775107410510725,0.512987159515951,0.8583213453245412,0.511466851397706
0.7746228133478472,0.8780920267868926,0.5105000426847126,0.8575126008831432,0.5081594412777329
0.7743704261318328,0.8779780186023609,0.514320424654955,0.8594406497281719,0.5122581456637029
0.7771094835573629,0.8771669274383072,0.5092187469615442,0.8571818788979215,0.5031471532858908
0.7790490254279104,0.8767492136332591,0.509967821810371,0.8576565084539871,0.5115123638216156
0.7779638219264247,0.8766614316677731,0.5065772339587911,0.8588116050945996,0.5115457088816304
0.7740128626746517,0.8783372259112734,0.5130618268527589,0.8570940113626128,0.5104344433028692
0.7741021312052203,0.8779528916933903,0.5111353291446735,0.8571839327461628,0.5062174229026941
0.7759836152676615,0.8774246158902803,0.5083013560585667,0.858309208082151,0.5092062744640471
0.7761186255562689,0.8774327500495559,0.5105760527248011,0.857622979738849,0.5059201522691482
0.7763913523766298,0.8775507661600619,0.5079657978769099,0.858100230214944,0.5098429046769799
0.777303560126212,0.8773000603847405,0.5082317586114063,0.8581892461897564,0.5088809194080358
0.7739823325987785,0.878186584347082,0.5111204579119997,0.857153225094038,0.506254003122687
0.7747335232073261,0.8777921761264126,0.506482175006596,0.8584085981349705,0.5081968345839173
0.7755173761998454,0.8776663586011193,0.5068710383290068,0.8582531108629063,0.5078092851388712
0.7766826143187862,0.877297609018415,0.5109308347940709,0.8590022841746934,0.511257996287942
0.7746477203984415,0.8777053438085873,0.5116764190144898,0.8588338209658296,0.5127432105982772
0.77463750877688,0.8781785171762013,0.511628907212585,0.8582962559718973,0.5081957297708386
0.7752891019467383,0.8774978000061753,0.5102822989090823,0.8580963560186098,0.5124560569238568
0.7743905648108452,0.8781964907330447,0.511956249183305,0.8573507280968259,0.5031359792973282
0.7734383440786791,0.8780441458169523,0.5100846982063868,0.8581538447081247,0.5115632158937786
0.7709092036370311,0.8789217518986613,0.5138872563936239,0.8572200823813302,0.505409554560753
0.7742564264805086,0.878084054509378,0.5146622087926335,0.8573405065087119,0.5078279176567303
0.7770478187068817,0.8771627499012445,0.5083300934789453,0.8585930727825584,0.5121209760824504
0.7704951128652021,0.8795283636657907,0.5133962264374728,0.857955226622997,0.5080839243392964
0.776057017426337,0.8775575390324415,0.514395414664726,0.8581619981520702,0.5116439142345144
0.7719764123039857,0.8791471130417055,0.5135159541502238,0.8590055198196022,0.5138506116186216
0.770708021617705,0.8793648393621148,0.5150192476050547,0.8581668921245615,0.5122860292910809
0.7757084302363857,0.8776921741145176,0.5117119989828495,0.8581370422280825,0.5106800287431515
0.7801641610360912,0.8760620272734523,0.5064605600695895,0.8589326963652614,0.5118540463403825
0.7686904928376598,0.8799257830657188,0.5166869021844187,0.8585782860282842,0.5118623332728741
0.7740168206153377,0.8781460767237342,0.5086833362960257,0.85857897699811,0.5080703826406726
0.7720644002960575,0.8786667798805947,0.5142573032059958,0.8576255148833137,0.5090207013080182
0.7767528699290368,0.8774423007241645,0.50789606014916,0.8588953696987354,0.5138921217342548
0.7735422763132278,0.8784334120223278,0.511461929887426,0.8586669636661474,0.5117828904305199
0.7709797399659315,0.8793807612999875,0.5107807319994261,0.8577484598592324,0.5118977171272522
0.7743503211006042,0.878109694913446,0.5111814352762318,0.8571773852113986,0.50386100616256
0.771542094407543,0.8791029395160436,0.5116863246621012,0.8565953884750064,0.506671637390408
0.7746840667340062,0.8780339574899464,0.509546757807567,0.8588098466955255,0.5120997921660354
0.7696459139547039,0.8798151048868468,0.5144758298739875,0.8582804160843021,0.5129868319834215
0.7720581370015298,0.8786957050590158,0.5174188954772785,0.8573768419909358,0.5080099544564863
0.7721295097181875,0.8790653162406339,0.5143847384279361,0.8566907756681448,0.5088391267199077
0.7700140678113505,0.8795514009671788,0.5146072465238949,0.8588436613292124,0.5132789055799646
0.7711262568350764,0.8790498859018288,0.5110651934368358,0.8583959986575933,0.5104916708330735
0.7702414566470733,0.8792619281471397,0.5129531588616992,0.8582948359097723,0.5091405329329596
0.7710049633056887,0.8790897591417299,0.5137679456491571,0.8580511761226142,0.5051735763248089
0.7746456861495973,0.8781867338841315,0.5130630970333,0.8587904185301448,0.5136975108865275
0.7719933371390065,0.8789527842692808,0.5141585071905599,0.8577894510484906,0.5087156964437853
0.7724557932346097,0.8785887452378071,0.5107910522955644,0.8577403731296149,0.5089839819893633
0.7682810127735138,0.880385123291647,0.5153208874854516,0.8588619791775624,0.5141065839095624
0.7707729618395529,0.8791254999597072,0.510545100998956,0.8569138254932546,0.5071716095685262
0.7713401769438097,0.8790685933039738,0.508258534097863,0.8578107567456738,0.5086245031862366
0.7730246099733538,0.8785848407668484,0.5125385236024191,0.8576169516227817,0.511286383784033
0.7715685002265441,0.8788047613256631,0.5119103663193829,0.8587199110160479,0.5123821610586883
0.7681505382061004,0.8801659121182217,0.5139891013628487,0.857268107166885,0.5096475910731084
0.7714756352286187,0.8792908438647686,0.5123461006547335,0.8593485410677248,0.5138313295958281
0.7694425794386095,0.8796054679734677,0.5124877697361514,0.8590469923050837,0.5132381150460408
0.7683530392185332,0.8798528344499684,0.5130786403167,0.8584984337429558,0.5130071093286452
0.7655372273537421,0.8809968945341266,0.5204359353481796,0.858413711311682,0.5127689785358145
0.7689403228221403,0.8796231398602573,0.513028049279812,0.8590634802747223,0.5141182221406565
0.7676976630764625,0.8800935133433765,0.5156088130173968,0.8589486220284211,0.5133383766377689
0.7683013917938354,0.8800659749032084,0.5167087389591593,0.8591623223169902,0.5161593851849258
0.7671098016923473,0.8807564544843012,0.5202462013620709,0.859730223268934,0.5109698966662052
0.7685134218585106,0.8800160159747344,0.5125087982018234,0.858600397062713,0.5118445551586669
0.7674606269405733,0.8803829524080008,0.5146118046880429,0.8584360796728048,0.5115072230781139
0.7709144498071363,0.878951243824745,0.5133955688335485,0.8588069303263292,0.5140359945962734
0.7700167884749752,0.8794197392317609,0.5129021577981139,0.8598991439474756,0.5130841824957808
0.7715458023932671,0.8789883963995468,0.5148781311319193,0.8579870541227707,0.5091600356653505
0.7686853764518615,0.8801714089789072,0.5143863111996836,0.8593440664424387,0.5140967985084766
0.7681242602486765,0.8800297063205242,0.5072135252610132,0.8585358557156647,0.5135766828406161
0.7697864347888581,0.8794859616399975,0.5120162561034457,0.8594686745112486,0.517400866954447
0.7680763429211033,0.8802803229338558,0.5157300653267157,0.8594763418936615,0.513324308628855
0.7674137651920317,0.880435923955233,0.5186597312913468,0.8581552171171583,0.5132336423198001
0.7646104347321296,0.8814958081026925,0.5210656893655183,0.8596338305955664,0.5172101894756481
0.7676149981637154,0.8803039590727777,0.5149506186939996,0.8594544738899991,0.5155173596899367
0.7686897977705925,0.8803716495006799,0.5149330345048628,0.8588267444817506,0.5169253633535373
0.7662420926555511,0.8808336521497201,0.5178453465790052,0.8593726297054485,0.516472781529389
0.7678419563078113,0.880316571810924,0.5143700867487802,0.8597880502953981,0.516371263831393
0.7665456081590347,0.8807440952368084,0.5189778860725508,0.8590606163239267,0.513814099670635
0.7673404822426458,0.8806993860305459,0.518747159878103,0.859437380726099,0.5126061408162881
0.7648801899725389,0.8812750954212798,0.5189222639874641,0.8559982094636809,0.49619937508073686
0.7654349169423502,0.8810604210237857,0.5200824275362003,0.8587197442302281,0.5140307318535675
0.7619252695191292,0.8819782126862268,0.5207711220996161,0.8585896369946655,0.5134349116639108
0.7668950192389952,0.8804826658124449,0.5152648177940453,0.8597761799103201,0.5146939071466876
0.7662900676650386,0.8808851550418411,0.5162154602810166,0.8596877834256963,0.5135801955801264
0.7652634959067068,0.8811022594422588,0.5177669541526836,0.8591668112382038,0.5139215170668135
0.7656555300758733,0.8810319843836707,0.514461647285165,0.8588321006892286,0.5170405303529555
0.7647558806403992,0.8813772497099805,0.5192952565033939,0.8585233420138523,0.512150183022559
0.7652200325842825,0.8810698076982008,0.5169277741009196,0.8598406879002043,0.5119314965075596
0.7625792064974387,0.8818505124565913,0.5155424002293976,0.8595191629616308,0.5096853985531038
0.7639364004135131,0.8813830123322154,0.5170341584501146,0.8600213741270227,0.51497833738564
0.7652883914209181,0.8813213142719167,0.5127043721529465,0.8594889461363479,0.5147515543626148
0.7628467227182082,0.881775781303055,0.521730249195458,0.8590560988108581,0.5145298249038867
0.7625114225572155,0.8818717942325309,0.5178954518966608,0.8602770520238425,0.5155407286740424
0.7640670605244175,0.8816591180081563,0.5171763214024674,0.858782298443363,0.5130641100905418
0.7645418115200534,0.8813170254170755,0.5145073432067038,0.8597875118154649,0.5158601252928795
0.762131961122636,0.8822867527293036,0.5154042140042453,0.8582713810581649,0.5077624025861411
0.764415155495367,0.8815761790995295,0.5165837741369526,0.8594345024793759,0.5082684580813244
0.7632847812867936,0.8815786328237634,0.5159846954827784,0.8595542499328591,0.5119388881224037
0.7632817260680661,0.8818152600045044,0.5203397692172209,0.8582926200410202,0.5142876653030498
0.7620899715731222,0.8823335287285103,0.5170143818440486,0.8605019507889002,0.5171047898622119
0.7608362244021507,0.8827602757629238,0.5197863109846734,0.8582958270940743,0.5062531987460445
0.7624421831100217,0.881860595167319,0.5165436623679052,0.8596046049545853,0.5170422443590335
0.7620258062116562,0.8824787748670437,0.5162710449841568,0.858991829086431,0.5071775131179005
0.7629872493205533,0.8818603668296492,0.5180575900829494,0.8595751458134562,0.5180293265157455
0.7641832194020671,0.8812620371081359,0.5203001697460317,0.8598045525609643,0.5192061894445649
0.764752475484725,0.8812928191756002,0.5142441361564862,0.860319153530131,0.5180783103619551
0.7636821721830676,0.8815755582490961,0.5194016421938996,0.859601950677392,0.5144285827537008
0.7616574927683799,0.8822802586167954,0.5174546520297506,0.860740969164952,0.5159424362354013
0.7616015739979282,0.8823073259973445,0.5199854102853484,0.8601382385684738,0.516516246343493
0.7643743868797054,0.8814667144302477,0.5170463965267782,0.860372348676107,0.5168980415351343
0.7618054103466773,0.8820192193621238,0.5168990540680088,0.8615618127262671,0.5196119975205785
0.7601542607430493,0.8825212859767384,0.5199284704583393,0.8611793776062132,0.518606379805409
0.7606005784003965,0.882596551143451,0.5147051898416773,0.8606426322454536,0.5166272993921179
0.7592061911859821,0.8829318736819842,0.517354451947279,0.8602861108765256,0.5141686671410086
0.7616459102399887,0.8820159595818156,0.5172749624832426,0.8606605974609268,0.5188104882640717
0.760167475669615,0.8828567370992517,0.5225626076119472,0.860041088210952,0.5160706345295779
0.7589629753943415,0.8830284892461344,0.5221715935738426,0.8604103615471498,0.5175303879265307
0.7623133640135489,0.8817828656233817,0.5150737404910802,0.860487130677462,0.5160381541189916
0.7560487908701742,0.8838089127170407,0.5203956519438804,0.8611356940172887,0.5157013210778184
0.7572914852250008,0.8838178689360707,0.5206380515875436,0.8614730207209843,0.5211266684694144
0.7610285330203271,0.8824029551507209,0.5196417526805013,0.8589627940578157,0.5130512717028546
0.7616985805573,0.8823227605611034,0.5206371088776247,0.8608944216500118,0.5141829733910381
0.7596276911997024,0.8832736205495195,0.5209870928936254,0.8603387055935494,0.5140657330021314
0.7630236360334581,0.8817915164532041,0.5156515057699587,0.86141079531418,0.5195604780545715
0.7616392633607307,0.8821639164308445,0.5141974804984516,0.8604388247386677,0.5139161179019649
0.7607880667332677,0.8825725773517936,0.5174680634453888,0.8606670496895081,0.5113541456921058
0.7574278866091083,0.8836458136899661,0.5181311108266549,0.8604890368011197,0.5166977430451348
0.7594315409660338,0.8831719065957936,0.5223281733365264,0.8599835518683457,0.5189656650669501
0.7600987015231963,0.8827807678967515,0.5206797516568518,0.8602166279038949,0.5177539611104929
0.763047205825006,0.8815591915062261,0.5137135555545815,0.8608705140940356,0.5188059348282353
0.75784011329374,0.8833450118709506,0.5210922476903035,0.8591923104074342,0.514364494624629
0.7618612358647009,0.8822947612301132,0.516622473002865,0.8612127538314588,0.5167735771076276
0.7602062561819631,0.8829985940076401,0.5208899591944429,0.8600490129200588,0.5157327963231246
0.7584852585869447,0.8832687835228661,0.5195760132921787,0.8597727965408278,0.516574411496364
0.7613944353595854,0.8822340376647491,0.5150247735858774,0.860475760649844,0.5194325500025865
0.7596508341450847,0.8830808854401376,0.5182108315198904,0.8603163229364994,0.5172699078077525
0.7577960010497801,0.883298202974483,0.5188936272806723,0.861272272542669,0.5178734640486452
0.7625741170298668,0.8820701473401582,0.5141089757682873,0.8609142691625971,0.5214787976336669
0.7561554485751736,0.8840135340373699,0.5278637408217056,0.860695975116013,0.5157236524211706
0.7616074162144817,0.8824893314263029,0.5209637848883863,0.8601547837218222,0.5141593750965634
0.7609351065851025,0.8824019668366104,0.5165833745719388,0.8610822177180733,0.5181581404794714
0.7596170709979151,0.8829057825551611,0.5212103885642688,0.8608315910489462,0.517708125214606
0.7626521731576612,0.8823518116565916,0.5166676375605643,0.859223942529533,0.5108986422231888
0.7587218092333888,0.8832537295768162,0.517911745691625,0.8611398398362441,0.517838519237195
0.7583030817970154,0.8833851206188064,0.5143042828880022,0.8616914672574607,0.5186042389482448
0.7554603440146294,0.8842055409626989,0.5243652256796307,0.8617868258587442,0.5198269691257942
0.7579687487694525,0.8835214525869551,0.520270101731783,0.8603895990952087,0.5186726983161334
0.7578156744280169,0.8836416487987369,0.5195132474299308,0.8583158270965523,0.5105036933301479
0.7584365462103198,0.8833083549605188,0.5168580050483401,0.8618220224320828,0.5207313835853284
0.7594490176247013,0.882783219600366,0.5200963289687579,0.8609591107216434,0.5199932070778517
0.7554414743377315,0.8840474411369004,0.5220442811513678,0.8618618604165278,0.5197274429554258
0.7571774317372225,0.8835002782523685,0.5222652850380909,0.8608284221183654,0.5201607655872185
0.7608723390486932,0.8824377837443069,0.5197196939382728,0.860723780694869,0.5197227559235332
0.7570126969968118,0.88372518253404,0.5246825020450705,0.8600744358443428,0.5174164370019498
0.7562025064422241,0.8840740010778332,0.5213437395051667,0.8588200206305483,0.5073499544294282
0.7551004569376671,0.8843425885337556,0.5259418135295876,0.8622206453072994,0.5198991953837494
0.756879138369714,0.8838639762770784,0.5199366507358696,0.861483328084663,0.5209516092965417
0.755160322112422,0.8843253618726875,0.5230359274075986,0.861805534462444,0.520120778865044
0.7579649840631794,0.8836900217347256,0.5210360296024046,0.8622762135772292,0.5231302006622274
0.7558422876942542,0.8841052169084606,0.5205211158112992,0.8619461206128145,0.523179339639287
0.7536238297339408,0.8849811514339028,0.5245582689412915,0.861290452197054,0.5202296743962116
0.7600566504463074,0.8827013287454384,0.5202515820686027,0.8620850389049846,0.5218825816568767
0.7576044730601774,0.8836007280724552,0.5174884062419804,0.8605793680012559,0.5196629454527564
0.7553761380334054,0.8841379255216357,0.5192319842035243,0.8617538975725583,0.5192914038149185
0.7554618004829652,0.8841431582883714,0.525219069961686,0.8604968280815704,0.5235871477668772
0.7528512679761455,0.8851031340091446,0.5244482938866983,0.86170026878345,0.5191129084361901
0.7568833270380575,0.8838939660235238,0.5211226982885925,0.8609474166530037,0.5166004526931236
0.7566822863394216,0.8837030250468464,0.5217378018944878,0.8613283888231503,0.520317663629286
0.7581303513819171,0.8833671589782126,0.5215797794673841,0.8619490560432475,0.5195749706969117
0.7540955976132423,0.8846613651047698,0.5228562445110935,0.8617537355520473,0.521839874585825
0.7537043402271888,0.8846081389373459,0.5235980746653298,0.8611198874868575,0.5166299508453975
0.7569790770930632,0.8840049100551681,0.5201235765142046,0.8626180339674476,0.5224922124703384
0.7580248646197779,0.8834596414101288,0.5165019957358592,0.8623339691240562,0.519518551526879
0.7536278520860978,0.8848511287588117,0.5250003328049068,0.86250220836339,0.5221823234688585
0.7495975148293281,0.8862125855642984,0.5277164977469637,0.8615198827711077,0.5202591274750876
0.7554644009759348,0.8841926356343077,0.5226979552730631,0.861563471053849,0.5210847478256873
0.7548848880875493,0.8844443578662613,0.5211136638035826,0.8609404688322716,0.5172258661192571
0.7588532663160757,0.8832397763797708,0.520178067013656,0.8615987867599165,0.5183351905171698
0.7530744825640033,0.8853396918026588,0.5224488559714927,0.8612022272635593,0.5178039472533504
0.756915281857214,0.8835528421308054,0.5190132816262589,0.8613915529958561,0.5209554852985467
0.7563809425600116,0.8842119394685374,0.5211806729536723,0.8608349458265836,0.5158492855799188
0.7572210065780146,0.8835836635774147,0.5192916120068258,0.8609033994924392,0.5227161972710701
0.7581699923161536,0.8836105324149848,0.5220163101822544,0.8610773189802731,0.5156057745317651
0.7573428346264749,0.8834445358924411,0.5213374290919706,0.8613586818933797,0.5202185757815982
0.7574953763715683,0.8837350988699194,0.5214950394581062,0.8623896374654781,0.5220930629318251
0.7562135727174822,0.8840755340270623,0.5197924728971055,0.8616661348740504,0.5212370565952468
0.7515509974571967,0.8856141572508458,0.522400097570002,0.8621971856903827,0.52073332468298
0.751289004279721,0.8856861196088031,0.5252922034289372,0.8608745074230983,0.5182065186490145
0.7589536213105725,0.8830105261184803,0.5198632142404763,0.8628314673987048,0.523032567237795
0.7535295515291152,0.8850203620906015,0.5263177658727776,0.863303776249217,0.5249307966761138
0.7516929382278074,0.8857647643728468,0.5246145937334273,0.8627005834177516,0.5235551776432961
0.749448206155531,0.8866079955533518,0.5309545806369836,0.8631533163783,0.5194897350555981
0.7505911136827161,0.8857092342604674,0.5262867295151585,0.8630847531103341,0.5237878078961534
0.75382647687389,0.8847160537050216,0.5238233063963297,0.862081579290546,0.5220882622568351
0.7555536570087553,0.8842924448052527,0.5207504369774689,0.8621544646939057,0.5182013280401924
0.7518222456978214,0.885703961038493,0.5262657681018564,0.8615832280255608,0.5199191726721145
0.7549359913795226,0.8844486356225465,0.518168512360074,0.8613067304930903,0.5123466734015949
0.7544273964820368,0.8847375975151477,0.5236836783228827,0.8620753081437122,0.5208138874435584
0.7494575785052391,0.8860791225499891,0.5277544945590367,0.8614183864516466,0.5193779156201145
0.7493275778908881,0.8863241410817712,0.528139442462551,0.8620121392056975,0.5204335316946097
0.752071155655769,0.8853438805550196,0.5251187343864768,0.8596710000068906,0.5111652205345538
0.752217710018158,0.8853578874895405,0.519548045681041,0.8617565899722246,0.5196688384269512
0.7551487184339953,0.8846922438936534,0.5231752970251722,0.8598603305044965,0.5162924285913693
0.7556383369430418,0.884105879399013,0.5253847973908168,0.8619271022640203,0.518961182568659
0.7476179570921004,0.8867211556957043,0.5267461294386566,0.8611119389512053,0.5178162009713541
0.7527018996977036,0.8853006970290738,0.5210081358347568,0.8629039572814052,0.5197870325528596
0.7526401194833943,0.8850820027936688,0.5211861015961365,0.8617884698903989,0.5179928188319384
0.752960391582981,0.8850214541742647,0.520098537893183,0.8608611550268764,0.5119173548791084
0.7514603801311985,0.8855117081907713,0.5232713799675975,0.8626443146473777,0.5218482535572223
0.7521313438492436,0.8852867216065409,0.5233610082699812,0.8618769092628051,0.5185415987957241
0.753745271313575,0.8848640032622106,0.5206107803701533,0.8613829468475416,0.5178373118173659
0.7575289780093775,0.8837308398049822,0.5194251679072851,0.8613748410566875,0.5171771276299302
0.7527351321712618,0.885047171250709,0.5195097806265242,0.8611785103199489,0.5177525896729065
0.7505018566885304,0.8859014090223647,0.5265237860026596,0.862954798364664,0.5215324591090287
0.7470694645758597,0.8867757112275605,0.528828388398428,0.8623182054814075,0.5185518135491158
0.7559760770490089,0.8842694485992861,0.5219970594927164,0.8619743646001119,0.5141204792336426
0.7546368731606389,0.8846258220324975,0.5235480376100768,0.8624740930394397,0.5208173028970077
0.7532183729833174,0.8851164402499618,0.5223262154243724,0.862339048943604,0.5219171917250282
0.750990523445991,0.8857699283230364,0.5245097393264947,0.8612787485977959,0.5169665521616835
0.7500137148364897,0.8860080837839429,0.5233895147827271,0.8613949030081843,0.5158050511643217
0.7523419635911142,0.8851146369997542,0.5230780093944277,0.8625708669375387,0.5188602475355295
0.749256919468603,0.8861976895712609,0.5263454167114497,0.8631611505465329,0.5192154934215902
0.7501247582897064,0.8862649345508701,0.5253036848959257,0.8624695850569892,0.5165642757709482
0.7521660279843118,0.8854256684565944,0.5258298363297016,0.862167340559213,0.5195472655540669
0.7531482654233134,0.8848204948388855,0.5231881799661084,0.8618640762852798,0.5161215524026126
0.7527236150157067,0.8851719486596215,0.5248613977006011,0.8628661207268008,0.5209355124100706
0.752825766801834,0.8852833334213703,0.5228743599429961,0.863612558751139,0.5224704198434242
0.7496447015193202,0.8861012754971407,0.5268325671390128,0.8620239905295389,0.5145912385341068
0.7525370044092978,0.8851576459449216,0.5236589973747467,0.8634498663316488,0.5211151187204907
0.7531528434445781,0.8851769786486968,0.5219378773171193,0.8633138787046024,0.5227961326004888
0.7493074353664152,0.8861196002870327,0.5235448490211732,0.8618763612522535,0.5112579871834996
0.7518489139695319,0.8855299286272608,0.5237799850389162,0.8631039382449484,0.5204185183065873
0.7497014787889295,0.8860117890557727,0.5271321363953188,0.862994831726784,0.515970343455243
0.7509598876199411,0.8857924978201934,0.5222624747385433,0.8633315198790542,0.518801083299748
0.7521274262858975,0.8853613204830195,0.5262477117628317,0.8606364849966577,0.506130451946194
0.7482416216404205,0.8866965841066392,0.5273837211772154,0.8623860396570743,0.5206779971683059
0.7478619563964105,0.8866356533664259,0.5288312741055801,0.8627524395118582,0.5232063307936727
0.7479104130498825,0.8870298460367352,0.5296296607491634,0.862528817849651,0.519400104459471
0.7484452378365299,0.8865632993002023,0.5259963968642659,0.8636661875402473,0.5254857962734538
0.7509055531794023,0.8858904955910432,0.5288483865260867,0.8622978099582705,0.5174997349576058
0.7555572919307217,0.884315824390886,0.52093032603843,0.8615287700726615,0.5172943638421477
0.7509238787235751,0.8856477423965784,0.5270600498064242,0.8626743646868404,0.5182843861854075
0.7475730151899399,0.8867555200554282,0.5277542978456361,0.8625022131286993,0.520845690446387
0.7520258551643736,0.8853865084154157,0.5233013261249383,0.8625655726790799,0.5154681795335154
0.748976295032809,0.8864349958290862,0.5254847849211861,0.8637037905947035,0.5222239772281956
0.7490257870766424,0.8862100377415969,0.5257261459984728,0.8632941932125281,0.5237375528982919
0.752611487142501,0.8854782137236539,0.5217342954650711,0.8611915910935495,0.513636864822088
0.7472827646040148,0.8867740984361814,0.5244133561904674,0.8615223321400078,0.5160534031618411
0.7490513507396945,0.886357980722505,0.5256412067388772,0.8631563852373888,0.5209328778921823
0.7474667506833232,0.8869228024857033,0.5276990905974708,0.862969246781989,0.5204427787831957
0.7471909023100327,0.887061788453595,0.5256591960996483,0.8631234045328021,0.5214806673232043
0.7469027888390325,0.8869168182431656,0.5262315311511085,0.8634008170046283,0.5202204969116588
0.7491213410131397,0.8862585768482055,0.5224485654712095,0.8600682885955468,0.5047750032085074
0.7493505775928497,0.8859451187821853,0.5241186743941643,0.8625189250678678,0.5207134846996938
0.7505001598788843,0.8855127930601484,0.5222884566495104,0.8626681602543349,0.522043577783535
0.7455060453184192,0.8875705241364559,0.530740940248313,0.8620265780924042,0.5175836453661886
0.747748396089,0.8865203203682914,0.5294661689508348,0.8620665733320511,0.5103324290003302
0.7528489530086517,0.8851182004424658,0.5253083423342618,0.8633840812389141,0.5184920923424866
0.75107977371062,0.8859516502509786,0.5234858091526715,0.8617010407635314,0.5178641098387405
0.7461851498773021,0.8871149961332738,0.5270914402718281,0.8636597353116661,0.5219409307315598
0.7482279125721226,0.8865647207030813,0.5236735512859687,0.8634405596828904,0.5237680567513663
0.7441475525979072,0.8879687923678945,0.5271153173295244,0.8628151700414315,0.5200701975322043
0.7492329314831768,0.8859218969192564,0.526763881225152,0.863189027605026,0.5209511009322365
0.748693919950916,0.8865462148726783,0.5273519998793936,0.8631511815198034,0.5207312978087035
0.7476416682043384,0.8869182434807013,0.5276742204428035,0.8632951701009026,0.5206997815582349
0.7450799326742846,0.8877977803055401,0.5330628211592527,0.8621430517785053,0.5194099590396195
0.7499890337067263,0.8862108923731112,0.5264832943548644,0.8631453821385748,0.5216358123241575
0.7524776228012575,0.8853083564071924,0.5206601151178425,0.861477180835867,0.5129117312666314
0.748395909224787,0.8866575471283701,0.5280399108805511,0.8617752413922148,0.5148181626101066
0.7510450991892047,0.8860300821663241,0.5256548130901693,0.8619340310235158,0.5145281530431756
0.750458244354494,0.8858642686882356,0.523882532505304,0.8621648864250038,0.5176973563176157
0.750921316685215,0.8857327748707235,0.5259331178172678,0.8633022704115274,0.5169247418498767
0.7491329648802354,0.88629010265587,0.5255744177748767,0.8642192969726078,0.5231243574576344
0.7473952529891844,0.8867998988366066,0.5267556771182549,0.8630826611396196,0.5178664431091267
0.7464835941791539,0.887228123557892,0.5269991257302312,0.8633907526717157,0.5179194459434352
0.7439152415721647,0.8877180253097375,0.5294203250605802,0.8629401641002825,0.5161004946913297
0.7488247434939106,0.8864422095947139,0.525377311123893,0.8638981723200022,0.5242188483978263
0.7453858256340025,0.887652879683541,0.5296301561159352,0.8632381293504473,0.5210117427685804
0.7494547405550558,0.8863769037322583,0.5271505343625325,0.863969609069382,0.5214508653443143
0.7495988059428431,0.886090102793927,0.5274832412606834,0.8633652630331039,0.5174960299619829
0.7486513237799368,0.8864994443068417,0.528461741944808,0.8628953892555641,0.5217544556379022
0.746393791129512,0.8871760794875599,0.5296602613663599,0.8630141359941269,0.5205628189833502
0.7455523456296612,0.8874250707180935,0.5276696224945907,0.8636395780539863,0.5222479080378508
0.7462309291285851,0.8874078318491001,0.5328159297679945,0.8626262160032481,0.5180315322322306
0.7467742706498793,0.8871090456451615,0.5266082800827093,0.863288570147738,0.5203849565425382
0.7512668611541868,0.8855516059429183,0.5260666369463713,0.863914493503821,0.5194491688700826
0.752159866594499,0.8854202854522648,0.5201487798283566,0.8601497039022746,0.5065803264255188
0.7428510083306218,0.8884425986026125,0.5253426774629357,0.8624093134269343,0.5124576988022456
0.7519682741934255,0.8855100188297511,0.5259439205046808,0.8620981006173487,0.5135476471717909
0.7423033925794784,0.888653976981542,0.5288920158905899,0.8615877026508472,0.5116537119329623
0.7432501719843955,0.8882725221615633,0.5287287496150365,0.8628415031397623,0.5184445609635951
0.7458829206805074,0.8874365388906696,0.5277032513517305,0.8645742791466822,0.5213784470077006
0.7468875242817784,0.8869693795853847,0.5261616250032229,0.8630595493902706,0.5182530828318971
0.7478659008779831,0.8867779627248189,0.5261864852168259,0.8636049676136724,0.521544705165983
0.7474327760358013,0.8870538190543714,0.524781728336175,0.8630694993557635,0.5184252212355491
0.7464772126367013,0.8872256827400431,0.5261913760605872,0.8633528779946382,0.5172989642375942
0.746359053157991,0.8871480408934969,0.525541588359196,0.8632509003789535,0.5175937261017814
0.7445450213647657,0.8877723087821804,0.524958605878393,0.8625928302473843,0.5151955363663472
0.7461904489224958,0.8872462714223577,0.525285616610011,0.8631551319610838,0.5201263892946011
0.7428967760455223,0.8884153577783361,0.5338437927975093,0.8630836761504674,0.5185479117970311
0.7440676112328803,0.8876608498211687,0.5247413117137569,0.8635876028271512,0.520617933999731
0.7472199220811168,0.8867339090271968,0.5274476012910102,0.8613272451489556,0.5093623591212139
0.7449013023607195,0.8875710161022021,0.528542996414143,0.8629282984805136,0.5194100757510113
0.7455159704531391,0.8873903829842078,0.5283419885787036,0.8622866591348732,0.5124938345595812
0.7477415636662513,0.886848742087468,0.5262799733255976,0.8623443241408264,0.5175036939810436
0.7453966083065154,0.8873655921627708,0.5255975441403582,0.8635273740848783,0.5220441676671358
0.7386564266297123,0.8897291211425704,0.5343343552811334,0.8631972620592272,0.5219853997377897
0.7453104863243719,0.8875363192423785,0.5292183709974343,0.8628328207465015,0.5192004549967659
0.7452914291812525,0.887417758110252,0.5250195738182073,0.8622099233617251,0.5142045674264619
0.7470718304957115,0.8866863241667249,0.5240455957326011,0.8637720298216477,0.5222865408714475
0.7452493579156939,0.8874841057901286,0.5255146464740138,0.8633383104445846,0.5200897739031523
0.7444938882704704,0.8878432375890988,0.528559592629834,0.8643976624938728,0.5245658055718262
0.7439972767906805,0.8877964073891902,0.5276496249208456,0.863196266109616,0.5238812916816458
0.7424437624792898,0.8881886346573261,0.5293723103306143,0.8637350367267619,0.5236920491336263
0.7452655511517677,0.8875803179552211,0.5260835208839102,0.8616349459257021,0.508883775314901
0.7420469887794989,0.8885647792822167,0.525275561726073,0.8636666068874519,0.5220881786887452
0.7424901944975701,0.8886673707646535,0.5309581589963633,0.8629379196396756,0.5164279569227024
0.7446969785997943,0.8876839336993154,0.5277527743884739,0.8640573288801074,0.5179875200474112
0.7447717237857082,0.8877484959236249,0.5247802824988154,0.862918501004913,0.5119967349807026
0.7421171338327469,0.8884621913901025,0.5286640914137736,0.862542832623844,0.515635413040538
0.743166487063131,0.888258168444076,0.5268365603329405,0.8636798735081092,0.5239243135792864
0.7448529331914842,0.8876987193895073,0.5290996988363024,0.8626790537510384,0.5141388067010519
0.7460536245376835,0.8874123667895765,0.5277837022963562,0.8648074981415055,0.5228980373227853
0.7472421805704793,0.8868785729810887,0.5264871791185606,0.863002565823525,0.5184177144529034
0.7445304336086397,0.8876550746738392,0.5253656482304508,0.8636687179194028,0.5221104972583793
0.7448454047403027,0.8876078601999267,0.5262777424406249,0.8637253345573441,0.5216427686557338
0.7462425520343162,0.8873731027976529,0.528185592758491,0.8639890420000719,0.5190213984186346
0.7466173479633951,0.8870093135275192,0.5267488902088201,0.8637224467800031,0.5229696299171444
0.7451371214082163,0.887724223857167,0.5273559646668631,0.8640123253005503,0.524009450018131
0.7416258512004729,0.8890023096499176,0.5338413500531209,0.8639355132824559,0.5239926064188208
0.7389776139490064,0.8894522750589025,0.5342616811174259,0.8644889944089296,0.5227770696457024
0.7443559515860774,0.8878767313899101,0.5301837233413513,0.8642157754091503,0.5206264587646894
0.7452796803366752,0.8875393637596705,0.5293495608707399,0.8635730972261164,0.5172097314184942
0.7458645239953072,0.8875946757029392,0.5263845532291003,0.8630025562929066,0.5143087205365023
0.7443259973679819,0.8878972003881913,0.5291231194688858,0.864077905484992,0.5217480408119234
0.7432889726854142,0.8882753018711569,0.5293050806008212,0.863996318627135,0.5249510179835102
0.7448487714413675,0.88726279753912,0.5212978232333387,0.8633773287958567,0.5192963053249985
0.7440849965618503,0.8880019945259539,0.5269666294338713,0.8638923872347014,0.5216419562607066
0.7471922530281927,0.8866845940608103,0.5269847314018441,0.8633589394678696,0.5196124486463192
0.7471351623535155,0.8869216619834327,0.5264261856026851,0.8647899951610193,0.5255691353518517
0.742297948368134,0.8885394752710714,0.5286179753080188,0.8642823086554207,0.5247243089574214
0.7441144508700219,0.8878956982631167,0.5293481248750391,0.8633519201675002,0.5200228555965277
0.7416681983778556,0.888721858493369,0.5277758686997965,0.8639480698720506,0.5241145063900312
0.7421099024434241,0.8884952036509827,0.5313116307380558,0.8633996733304337,0.5206716559665209
0.742114810212966,0.8885116841081208,0.5266831088491359,0.8633393635779054,0.5164016359508956
0.7433196700388388,0.8882587619941974,0.5270937190107469,0.8632398353311208,0.510871329637199
0.7419167209056117,0.8886025616248004,0.5320075558440207,0.864450533598827,0.5251048643316026
0.7408564119569716,0.8887825230861311,0.5254928689337839,0.8637609838350516,0.5221961618765015
0.7442517809329494,0.887887655289127,0.5289195863789462,0.8634785296661509,0.5210734192143381
0.7446949635782548,0.8876667553218596,0.5273216472998792,0.8638085749774742,0.5221313869911606
0.7440457430578049,0.8878479326192202,0.5309289193340703,0.863789990271812,0.5216590669304564
0.7410304700174639,0.8889162596178468,0.5295630531142118,0.8635174288846945,0.5195940630001047
0.7428350708177013,0.88829298428136,0.5263867213605713,0.8633600259583545,0.517549546652913
0.7437717645399031,0.8880582160690613,0.5275531716547486,0.862864977052606,0.5217988615768888
0.7434562983051419,0.8883342653692571,0.5256479524259481,0.8626374526022099,0.5218353841356831
0.7440617142185088,0.888173980741616,0.5273686142976916,0.8620756035928793,0.513205173092395
0.7438562454715852,0.8880604764301709,0.527872513011824,0.8632810218980537,0.5183135620875203
0.74437587011245,0.8875950214951117,0.5277211057799872,0.861852510879987,0.5146440310522542
0.74500120839765,0.8874011599281194,0.5274442276967776,0.8627859777576146,0.51799309058087
0.7438876955739916,0.8879334591708445,0.526293509199112,0.8644326303323726,0.5238064016400659
0.7412131851719272,0.8887174825712438,0.5313789054253379,0.8643914151735849,0.523414797755311
0.7424670304021526,0.8882139185821715,0.5292837799752379,0.864389499519309,0.5259844297236531
0.7419243877933872,0.8886312686210951,0.5293246633778921,0.8635124110141658,0.5188393138959921
0.7423446966755776,0.8882647183482764,0.5275338730945262,0.8643093756113593,0.5228883387122022
0.7431327806365107,0.8882093701292484,0.5303011187151323,0.864359845000505,0.5191490059618479
0.738763089141538,0.8895936664427102,0.5302094782959091,0.8647336453803898,0.5245210209233457
0.7402542964104682,0.8888653051934782,0.5272945204215819,0.8631897995851072,0.5136122594867825
0.7407265872724593,0.8889510853067468,0.5300079581942025,0.8633895327525749,0.5163593926056105
0.7424244986426446,0.8884275787170586,0.5290228536120647,0.8622216031344374,0.5162936712785593
0.7429495386538967,0.8882009791516988,0.5308846384173851,0.863048450985274,0.5115410155953839
0.7432113453265157,0.8879547069881619,0.5290499592749944,0.8631267307185846,0.5197221742369387
0.7420129045363397,0.8887197108705904,0.5303316900911463,0.8644401928779842,0.5234654909281083
0.7415647622077697,0.8885513535879186,0.5302199175099545,0.8636042099295185,0.5210121694781323
0.745869505789972,0.887126150330792,0.5246396799158219,0.8637213984119912,0.5255473867271394
0.7433687640774633,0.8878541223303495,0.5285088379324572,0.8636775242107011,0.5182346920741607
0.7405748665332793,0.8888929424909617,0.5347808021353482,0.8627606930272957,0.517611066694136
0.7402080701243493,0.8891772170066072,0.5303098030855204,0.863429013338834,0.5224239436152045
0.7389241841531573,0.8893927735131941,0.5306747288554541,0.864558172401775,0.5232058732984736
0.7398484330023487,0.8892363661527126,0.5299146916164483,0.8636606407204035,0.5185102174261914
0.7439172921642181,0.8878955121752397,0.5247676140623398,0.8617998446833259,0.5125866238562982
0.7440960349575165,0.8877245558980212,0.5238561127700407,0.8640987775390432,0.5218750976709594
0.7460826664201674,0.8871301146476329,0.5269718485306951,0.8635088084404526,0.521184221254138
0.7414427899545236,0.8887088628261736,0.5297229384135395,0.864221684392489,0.5247306353091011
0.7430620289617972,0.8880533271302493,0.5249588711772111,0.8643266069692246,0.5242249309269346
0.7408625233557917,0.8888862002055937,0.5325394063744732,0.8643426612957312,0.5240766043811342
0.736947247097569,0.8900494640808008,0.5369570137489356,0.862968117403722,0.5172524169951547
0.7405218616608651,0.8887228619179127,0.527274832760397,0.8638788251648771,0.523040010449531
0.7374268356830844,0.8900756834676026,0.5355544915865059,0.8642486893994088,0.5257408669169666
0.7415763197406645,0.888732148729705,0.5328578792524723,0.8638207646382648,0.5221949828204457
0.7368936375264201,0.8898491661932648,0.5330716907095543,0.8643172002489742,0.5240614137125525
0.74301839259363,0.8883071653540526,0.5294208306253954,0.8620433138581184,0.5112735831479279
0.7433325677148759,0.8879718169353781,0.5283733120679179,0.8635878839803907,0.5200830236438589
0.7366564869880675,0.8900950484264869,0.5308343575136075,0.8641266545975363,0.5246178108886699
0.740831703908982,0.8891645397146035,0.5314863881240853,0.8650501429178161,0.5244890431306782
0.740583718784394,0.8887919416824349,0.531525176521894,0.8629641193093501,0.5152005065853847
0.7407552051928736,0.8889968761445415,0.5316261264648082,0.8644688991002687,0.5208329589868728
0.7392545746218774,0.8892810311814928,0.5301198440992612,0.8634628041459752,0.5195008882000646
0.7384960785988839,0.8898796996432285,0.5316139259359368,0.8631460349859278,0.5184975714032951
0.7396717792557131,0.8892248486217321,0.5291376674924076,0.8633550223837531,0.5145299166366553
0.7397486154110202,0.8893410577812415,0.5318402110634644,0.8646747795165322,0.5231175015966247
0.7402542791058939,0.889082538098061,0.5296128402246107,0.8636617319761976,0.5180993847750012
0.7405860087563915,0.8887591546093497,0.5259981408241643,0.864522594603705,0.5230335776469922
0.7408870477830207,0.8888241822754279,0.5319959147535581,0.8639180245978968,0.5161840494540435
0.740241219920497,0.8891244238077887,0.5288796191497301,0.8638100474579996,0.52033248566153
0.74287665563245,0.8881805881089163,0.5281542610351229,0.8637977481950986,0.5185325618870108
0.7427226881827078,0.8886447580321852,0.5301719389621629,0.8623866305554081,0.5090787581554675
0.7415321344329465,0.8889742143503113,0.5339914787421268,0.8648027280670524,0.5247120955386095
0.7398462333986836,0.8893019049563873,0.5305429435885816,0.8640363376933275,0.5168540241400021
0.736728737431188,0.8902508186518258,0.5347904994901136,0.8648701047730413,0.5226111528872152
0.7381913844616182,0.8896045683504543,0.5290226008518895,0.8626751176056854,0.5163995898640249
0.7423132667618415,0.8884967894869966,0.5316866278986734,0.8641217129719541,0.5219086199414485
0.7396674569576017,0.8893024933563407,0.5333869972088577,0.8639089562145955,0.5206975463642416
0.7385495756903003,0.889380634600522,0.5311648441978197,0.8633151891646174,0.5169258914648185
0.7404291985496398,0.8890547990025832,0.5298031791093417,0.8637247150671556,0.5218758891689845
0.7387649695719442,0.8897891859377665,0.5307005342370268,0.862619401611172,0.5117414089023327
0.7417919799204796,0.8884542453432995,0.5324975908461255,0.8634651963311657,0.5190154056909695
0.7394134258070298,0.8892861067480968,0.5280795948414586,0.8642283891824547,0.5185391737017815
0.7419664225270669,0.8884805370002553,0.5288734458692753,0.8638363662604028,0.5226372757230908
0.7401442614293867,0.8888390449559332,0.5306330167757625,0.8633937548164766,0.5204278827518057
0.7383055600427813,0.8897757694324869,0.5325031296862706,0.8648805122082123,0.5251116032864062
0.7387649263105084,0.8894610079547087,0.5314862789048067,0.8636979530910021,0.5189360859863172
0.7377834935342111,0.8898927191998479,0.5356536383022543,0.8640381485108023,0.5206802893773924
0.7366483326881161,0.8901129882525967,0.532029585828918,0.8640507861106526,0.5178404101693732
0.740348419835491,0.8890874658969751,0.5278465124245851,0.863558505849517,0.5208888465237737
0.7430339321013418,0.8880695956392155,0.5256823476732413,0.8639376719674979,0.5231876186420863
0.7377445351692938,0.8897882100798753,0.5320851071678574,0.8641319012029042,0.5173936099032804
0.7365910708904264,0.8900814424559699,0.5327323696493835,0.8643168666773341,0.524223222485369
0.7392035616982368,0.8892068724533267,0.5263849253567385,0.8644324063628429,0.5235646630069817
0.7379539109045461,0.8897414639520551,0.5304299790029541,0.8634667259954009,0.5182290784560174
0.7380805505860236,0.8897680816803976,0.5323345604721172,0.8640872454909143,0.5216217682703391
0.7379698599538496,0.8898360268282255,0.5345969336767868,0.863524219450225,0.5215853870547985
0.7367239979005628,0.8899133135024148,0.5365288055723694,0.8626141883629683,0.5142430801640231
0.7393681541565924,0.8893479819663817,0.5249538782218048,0.863023423581649,0.5226646532193524
0.7407530382756264,0.8888220264319661,0.5363641810841531,0.863558072206385,0.5204392593771013
0.7396544891019022,0.8891229791353765,0.53039787696775,0.8641150510697704,0.5242078550647399
0.7383739352226258,0.8898261389715085,0.5307881791746301,0.8636729781057776,0.5182486644309197
0.739611263236692,0.8891960483119304,0.5312620167391513,0.8625891276021792,0.5097834668612055
0.7415828195310403,0.8885246590712156,0.528421750606127,0.8643337644635589,0.5209248659754571
0.7388089020406045,0.8893613940450794,0.529234638737437,0.8632377052379335,0.5179710655298454
0.7383710559337366,0.8895851807186181,0.5281691754990581,0.8634611696449389,0.5176856777602103
0.7404865401406443,0.8887372585267656,0.5294745306233853,0.8644565378883488,0.5208085057364285
0.736138121735665,0.8904953341924866,0.5350875684274523,0.8641712150033433,0.5173529057235322
0.7375375609244071,0.8897481025387103,0.5335622756845686,0.8649888753381499,0.5225531093543024
0.7365942059024689,0.8903025576143964,0.5308721203842567,0.8645756801475706,0.5215204947215284
0.7377161633583807,0.8897141705855267,0.5309646284881196,0.8639571144288062,0.5165110763493083
0.7365765456230412,0.8903867318435505,0.5316314168115934,0.8640065163887036,0.5201695352228687
0.7368037816016906,0.8900972106536021,0.5304542923397214,0.8635075694600753,0.5192649657587358
0.7381470213013311,0.8898668471673923,0.5324666863675529,0.8632603499869864,0.5214861664646682
0.7408669994723416,0.8889499413185524,0.5288157917054227,0.8632781007635483,0.5189509633910222
0.736546677927817,0.8900942351687294,0.5308894126341239,0.863853759638779,0.5185656002129196
0.7382965607027856,0.8894628921031053,0.5288723708164655,0.8635436714421513,0.5194195798250821
0.7390329530162194,0.8893736929342823,0.5362705183507579,0.8628321583685306,0.5185463077014268
0.7405383308087624,0.8886330021318742,0.5258066010035718,0.8645157182626099,0.5261271569952239
0.7360546069760477,0.8903022968933715,0.5345429565537954,0.8637978625625181,0.5195156000999026
0.734120418948512,0.8910078783424146,0.5339893695420205,0.8626989536820243,0.5205008431008135
0.7414022837915725,0.8885580503340248,0.5270254091138825,0.8645529734494988,0.5221006859957458
0.7374959626505452,0.8898601008039613,0.534493695194956,0.863582303803383,0.5193808697045564
0.7380021704781441,0.8896973068455085,0.5332212989421214,0.8644740265729078,0.5248973405190763
0.7362481076871196,0.8902923430710628,0.5324283924813431,0.8634004977289157,0.5171570586149485
0.7386166953271438,0.8893656565550385,0.5317826247988761,0.8640446960455664,0.5189706201181602
0.7383709588358479,0.8895361563977211,0.5268645565620598,0.8643717058549647,0.5197491448903264
0.7339626348787739,0.8909594505528814,0.5332108158095713,0.8653646914438026,0.5273636058753929
0.7363090755478026,0.8901328297033668,0.5332465275068523,0.8642341409105917,0.5215594060703985
0.7382061164225302,0.8893628121695641,0.5303119460243502,0.8637782151929168,0.5204750038049109
0.7377854249169752,0.8899535328892503,0.5341101560744804,0.8640203357852215,0.5219109473068929
0.7379562681721101,0.889657267937424,0.5329907546362709,0.8649306718522634,0.5244330964728283
0.7367157013185565,0.8901885844511488,0.5288722628282314,0.8645220084706801,0.5245749455115208
0.7382618390744735,0.8896633448969398,0.532930448196828,0.8642076600876778,0.5223920210600328
0.7360697177148635,0.8903087107995467,0.5314999663620869,0.8632263447409338,0.5177958555859865
0.7429357545991097,0.8883393961902564,0.5278961182386304,0.8638817272381459,0.5213828016774442
0.7338473393071081,0.890857366230253,0.5298926230722931,0.864569046837242,0.5256765006622126
0.7376101238112297,0.8896519613366194,0.5301098046083763,0.8643073646509005,0.5215483912986032
0.7358165854407894,0.8903293700107926,0.530511431808621,0.8637546602698174,0.5194832518136913
0.7355878814574214,0.8903097537461734,0.5285734632213792,0.8651253966798204,0.5237500922037408
0.7360264178245295,0.8901249293964341,0.5333129293591581,0.864217386083641,0.5240862566455573
0.7396416683350842,0.8893179333644976,0.5301114576602111,0.8625904809499763,0.5210831871566314
0.7387813127809953,0.88956137114052,0.5303432083976067,0.8623400305972876,0.518122933333201
0.7352230846881869,0.8902674795236725,0.5317854115359723,0.8647755801008582,0.5236965636806532
0.7393119354401865,0.8895806754550378,0.531302863391628,0.8651301619889648,0.5251759243694611
0.7350921352063456,0.8906088506236806,0.531377012873546,0.8651700857489741,0.5236921526987991
0.7365040346499412,0.8902317582275412,0.535969032427773,0.8640403786754818,0.5204187074600498
0.7344096235690578,0.8906772574131938,0.5349471627101918,0.8641771144560637,0.522031907772088
0.734609526011252,0.8908665413092777,0.5328881477190487,0.8643140503796298,0.5196218264721775
0.7364627209401898,0.8902437638479294,0.531036289528066,0.863925706276237,0.5189781851971932
0.7351297043984935,0.8909067186817659,0.5331981190305455,0.8646455919980243,0.522055286777222
0.7369055449962619,0.8899848343132276,0.5331608329789548,0.8636966045085144,0.5158690209096888
0.7391749447391881,0.8893596209702008,0.5335974448507301,0.8647033094223782,0.5247860330311604
0.7351405236028854,0.8907969143980897,0.5333933361634657,0.8642662972166963,0.5179363381004973
0.7357311316074865,0.890458170939744,0.5347587879271245,0.8635552940311538,0.520081257857745
0.7370767718361271,0.8900129625339263,0.5345028391194007,0.863311119590608,0.5197117241705586
0.7356621978744382,0.8902698674634837,0.5327402171031542,0.8641757515776486,0.5207876286372125
0.7349758503898498,0.8906740795655343,0.5323248189640448,0.8651702858919582,0.5262952529940164
0.7370438354630623,0.8898929958249394,0.5313272347497942,0.8631908574837374,0.5155591124888952
0.7355575484614221,0.890716092863717,0.5372998907692392,0.8632417700466335,0.5150504723943481
0.7326172023050245,0.8913770796441411,0.5351529701230546,0.8646002691427543,0.5228364701940551
0.7375782314808137,0.8900260138003431,0.5309709298427522,0.8632578053119034,0.5177001504042957
0.7403250125146681,0.888875700986393,0.5301049217945639,0.8625363756299537,0.509076479943579
0.7344179364942734,0.8908117366793389,0.5341371752909567,0.864673745444448,0.5237647708889197
0.7363766960559354,0.8901289099433107,0.5321362556100537,0.8636657872542792,0.5148111186051965
